surveyyear1,surveyyear2,state,columnvariable,rowvariable,controlvariable,weightvariable,query_num
2002,2003,ALABAMA,ABODANL,STNAME,NONE,DASWT_1,1
2002,2003,ALASKA,ABODANL,STNAME,NONE,DASWT_1,1
2002,2003,ARIZONA,ABODANL,STNAME,NONE,DASWT_1,1
2002,2003,ARKANSAS,ABODANL,STNAME,NONE,DASWT_1,1
2002,2003,CALIFORNIA,ABODANL,STNAME,NONE,DASWT_1,1
2002,2003,COLORADO,ABODANL,STNAME,NONE,DASWT_1,1
2002,2003,CONNECTICUT,ABODANL,STNAME,NONE,DASWT_1,1
2002,2003,DELAWARE,ABODANL,STNAME,NONE,DASWT_1,1
2002,2003,DISTRICT+OF+COLUMBIA,ABODANL,STNAME,NONE,DASWT_1,1
2002,2003,FLORIDA,ABODANL,STNAME,NONE,DASWT_1,1
2002,2003,GEORGIA,ABODANL,STNAME,NONE,DASWT_1,1
2002,2003,HAWAII,ABODANL,STNAME,NONE,DASWT_1,1
2002,2003,IDAHO,ABODANL,STNAME,NONE,DASWT_1,1
2002,2003,ILLINOIS,ABODANL,STNAME,NONE,DASWT_1,1
2002,2003,INDIANA,ABODANL,STNAME,NONE,DASWT_1,1
2002,2003,IOWA,ABODANL,STNAME,NONE,DASWT_1,1
2002,2003,KANSAS,ABODANL,STNAME,NONE,DASWT_1,1
2002,2003,KENTUCKY,ABODANL,STNAME,NONE,DASWT_1,1
2002,2003,LOUISIANA,ABODANL,STNAME,NONE,DASWT_1,1
2002,2003,MAINE,ABODANL,STNAME,NONE,DASWT_1,1
2002,2003,MARYLAND,ABODANL,STNAME,NONE,DASWT_1,1
2002,2003,MASSACHUSETTS,ABODANL,STNAME,NONE,DASWT_1,1
2002,2003,MICHIGAN,ABODANL,STNAME,NONE,DASWT_1,1
2002,2003,MINNESOTA,ABODANL,STNAME,NONE,DASWT_1,1
2002,2003,MISSISSIPPI,ABODANL,STNAME,NONE,DASWT_1,1
2002,2003,MISSOURI,ABODANL,STNAME,NONE,DASWT_1,1
2002,2003,MONTANA,ABODANL,STNAME,NONE,DASWT_1,1
2002,2003,NEBRASKA,ABODANL,STNAME,NONE,DASWT_1,1
2002,2003,NEVADA,ABODANL,STNAME,NONE,DASWT_1,1
2002,2003,NEW+HAMPSHIRE,ABODANL,STNAME,NONE,DASWT_1,1
2002,2003,NEW+JERSEY,ABODANL,STNAME,NONE,DASWT_1,1
2002,2003,NEW+MEXICO,ABODANL,STNAME,NONE,DASWT_1,1
2002,2003,NEW+YORK,ABODANL,STNAME,NONE,DASWT_1,1
2002,2003,NORTH+CAROLINA,ABODANL,STNAME,NONE,DASWT_1,1
2002,2003,NORTH+DAKOTA,ABODANL,STNAME,NONE,DASWT_1,1
2002,2003,OHIO,ABODANL,STNAME,NONE,DASWT_1,1
2002,2003,OKLAHOMA,ABODANL,STNAME,NONE,DASWT_1,1
2002,2003,OREGON,ABODANL,STNAME,NONE,DASWT_1,1
2002,2003,PENNSYLVANIA,ABODANL,STNAME,NONE,DASWT_1,1
2002,2003,RHODE+ISLAND,ABODANL,STNAME,NONE,DASWT_1,1
2002,2003,SOUTH+CAROLINA,ABODANL,STNAME,NONE,DASWT_1,1
2002,2003,SOUTH+DAKOTA,ABODANL,STNAME,NONE,DASWT_1,1
2002,2003,TENNESSEE,ABODANL,STNAME,NONE,DASWT_1,1
2002,2003,TEXAS,ABODANL,STNAME,NONE,DASWT_1,1
2002,2003,UTAH,ABODANL,STNAME,NONE,DASWT_1,1
2002,2003,VERMONT,ABODANL,STNAME,NONE,DASWT_1,1
2002,2003,VIRGINIA,ABODANL,STNAME,NONE,DASWT_1,1
2002,2003,WASHINGTON,ABODANL,STNAME,NONE,DASWT_1,1
2002,2003,WEST+VIRGINIA,ABODANL,STNAME,NONE,DASWT_1,1
2002,2003,WISCONSIN,ABODANL,STNAME,NONE,DASWT_1,1
2002,2003,WYOMING,ABODANL,STNAME,NONE,DASWT_1,1
2002,2003,ALABAMA,ABODANL,STNAME,ABODHER,DASWT_1,2
2002,2003,ALASKA,ABODANL,STNAME,ABODHER,DASWT_1,2
2002,2003,ARIZONA,ABODANL,STNAME,ABODHER,DASWT_1,2
2002,2003,ARKANSAS,ABODANL,STNAME,ABODHER,DASWT_1,2
2002,2003,CALIFORNIA,ABODANL,STNAME,ABODHER,DASWT_1,2
2002,2003,COLORADO,ABODANL,STNAME,ABODHER,DASWT_1,2
2002,2003,CONNECTICUT,ABODANL,STNAME,ABODHER,DASWT_1,2
2002,2003,DELAWARE,ABODANL,STNAME,ABODHER,DASWT_1,2
2002,2003,DISTRICT+OF+COLUMBIA,ABODANL,STNAME,ABODHER,DASWT_1,2
2002,2003,FLORIDA,ABODANL,STNAME,ABODHER,DASWT_1,2
2002,2003,GEORGIA,ABODANL,STNAME,ABODHER,DASWT_1,2
2002,2003,HAWAII,ABODANL,STNAME,ABODHER,DASWT_1,2
2002,2003,IDAHO,ABODANL,STNAME,ABODHER,DASWT_1,2
2002,2003,ILLINOIS,ABODANL,STNAME,ABODHER,DASWT_1,2
2002,2003,INDIANA,ABODANL,STNAME,ABODHER,DASWT_1,2
2002,2003,IOWA,ABODANL,STNAME,ABODHER,DASWT_1,2
2002,2003,KANSAS,ABODANL,STNAME,ABODHER,DASWT_1,2
2002,2003,KENTUCKY,ABODANL,STNAME,ABODHER,DASWT_1,2
2002,2003,LOUISIANA,ABODANL,STNAME,ABODHER,DASWT_1,2
2002,2003,MAINE,ABODANL,STNAME,ABODHER,DASWT_1,2
2002,2003,MARYLAND,ABODANL,STNAME,ABODHER,DASWT_1,2
2002,2003,MASSACHUSETTS,ABODANL,STNAME,ABODHER,DASWT_1,2
2002,2003,MICHIGAN,ABODANL,STNAME,ABODHER,DASWT_1,2
2002,2003,MINNESOTA,ABODANL,STNAME,ABODHER,DASWT_1,2
2002,2003,MISSISSIPPI,ABODANL,STNAME,ABODHER,DASWT_1,2
2002,2003,MISSOURI,ABODANL,STNAME,ABODHER,DASWT_1,2
2002,2003,MONTANA,ABODANL,STNAME,ABODHER,DASWT_1,2
2002,2003,NEBRASKA,ABODANL,STNAME,ABODHER,DASWT_1,2
2002,2003,NEVADA,ABODANL,STNAME,ABODHER,DASWT_1,2
2002,2003,NEW+HAMPSHIRE,ABODANL,STNAME,ABODHER,DASWT_1,2
2002,2003,NEW+JERSEY,ABODANL,STNAME,ABODHER,DASWT_1,2
2002,2003,NEW+MEXICO,ABODANL,STNAME,ABODHER,DASWT_1,2
2002,2003,NEW+YORK,ABODANL,STNAME,ABODHER,DASWT_1,2
2002,2003,NORTH+CAROLINA,ABODANL,STNAME,ABODHER,DASWT_1,2
2002,2003,NORTH+DAKOTA,ABODANL,STNAME,ABODHER,DASWT_1,2
2002,2003,OHIO,ABODANL,STNAME,ABODHER,DASWT_1,2
2002,2003,OKLAHOMA,ABODANL,STNAME,ABODHER,DASWT_1,2
2002,2003,OREGON,ABODANL,STNAME,ABODHER,DASWT_1,2
2002,2003,PENNSYLVANIA,ABODANL,STNAME,ABODHER,DASWT_1,2
2002,2003,RHODE+ISLAND,ABODANL,STNAME,ABODHER,DASWT_1,2
2002,2003,SOUTH+CAROLINA,ABODANL,STNAME,ABODHER,DASWT_1,2
2002,2003,SOUTH+DAKOTA,ABODANL,STNAME,ABODHER,DASWT_1,2
2002,2003,TENNESSEE,ABODANL,STNAME,ABODHER,DASWT_1,2
2002,2003,TEXAS,ABODANL,STNAME,ABODHER,DASWT_1,2
2002,2003,UTAH,ABODANL,STNAME,ABODHER,DASWT_1,2
2002,2003,VERMONT,ABODANL,STNAME,ABODHER,DASWT_1,2
2002,2003,VIRGINIA,ABODANL,STNAME,ABODHER,DASWT_1,2
2002,2003,WASHINGTON,ABODANL,STNAME,ABODHER,DASWT_1,2
2002,2003,WEST+VIRGINIA,ABODANL,STNAME,ABODHER,DASWT_1,2
2002,2003,WISCONSIN,ABODANL,STNAME,ABODHER,DASWT_1,2
2002,2003,WYOMING,ABODANL,STNAME,ABODHER,DASWT_1,2
2002,2003,ALABAMA,ABODHER,STNAME,NONE,DASWT_1,3
2002,2003,ALASKA,ABODHER,STNAME,NONE,DASWT_1,3
2002,2003,ARIZONA,ABODHER,STNAME,NONE,DASWT_1,3
2002,2003,ARKANSAS,ABODHER,STNAME,NONE,DASWT_1,3
2002,2003,CALIFORNIA,ABODHER,STNAME,NONE,DASWT_1,3
2002,2003,COLORADO,ABODHER,STNAME,NONE,DASWT_1,3
2002,2003,CONNECTICUT,ABODHER,STNAME,NONE,DASWT_1,3
2002,2003,DELAWARE,ABODHER,STNAME,NONE,DASWT_1,3
2002,2003,DISTRICT+OF+COLUMBIA,ABODHER,STNAME,NONE,DASWT_1,3
2002,2003,FLORIDA,ABODHER,STNAME,NONE,DASWT_1,3
2002,2003,GEORGIA,ABODHER,STNAME,NONE,DASWT_1,3
2002,2003,HAWAII,ABODHER,STNAME,NONE,DASWT_1,3
2002,2003,IDAHO,ABODHER,STNAME,NONE,DASWT_1,3
2002,2003,ILLINOIS,ABODHER,STNAME,NONE,DASWT_1,3
2002,2003,INDIANA,ABODHER,STNAME,NONE,DASWT_1,3
2002,2003,IOWA,ABODHER,STNAME,NONE,DASWT_1,3
2002,2003,KANSAS,ABODHER,STNAME,NONE,DASWT_1,3
2002,2003,KENTUCKY,ABODHER,STNAME,NONE,DASWT_1,3
2002,2003,LOUISIANA,ABODHER,STNAME,NONE,DASWT_1,3
2002,2003,MAINE,ABODHER,STNAME,NONE,DASWT_1,3
2002,2003,MARYLAND,ABODHER,STNAME,NONE,DASWT_1,3
2002,2003,MASSACHUSETTS,ABODHER,STNAME,NONE,DASWT_1,3
2002,2003,MICHIGAN,ABODHER,STNAME,NONE,DASWT_1,3
2002,2003,MINNESOTA,ABODHER,STNAME,NONE,DASWT_1,3
2002,2003,MISSISSIPPI,ABODHER,STNAME,NONE,DASWT_1,3
2002,2003,MISSOURI,ABODHER,STNAME,NONE,DASWT_1,3
2002,2003,MONTANA,ABODHER,STNAME,NONE,DASWT_1,3
2002,2003,NEBRASKA,ABODHER,STNAME,NONE,DASWT_1,3
2002,2003,NEVADA,ABODHER,STNAME,NONE,DASWT_1,3
2002,2003,NEW+HAMPSHIRE,ABODHER,STNAME,NONE,DASWT_1,3
2002,2003,NEW+JERSEY,ABODHER,STNAME,NONE,DASWT_1,3
2002,2003,NEW+MEXICO,ABODHER,STNAME,NONE,DASWT_1,3
2002,2003,NEW+YORK,ABODHER,STNAME,NONE,DASWT_1,3
2002,2003,NORTH+CAROLINA,ABODHER,STNAME,NONE,DASWT_1,3
2002,2003,NORTH+DAKOTA,ABODHER,STNAME,NONE,DASWT_1,3
2002,2003,OHIO,ABODHER,STNAME,NONE,DASWT_1,3
2002,2003,OKLAHOMA,ABODHER,STNAME,NONE,DASWT_1,3
2002,2003,OREGON,ABODHER,STNAME,NONE,DASWT_1,3
2002,2003,PENNSYLVANIA,ABODHER,STNAME,NONE,DASWT_1,3
2002,2003,RHODE+ISLAND,ABODHER,STNAME,NONE,DASWT_1,3
2002,2003,SOUTH+CAROLINA,ABODHER,STNAME,NONE,DASWT_1,3
2002,2003,SOUTH+DAKOTA,ABODHER,STNAME,NONE,DASWT_1,3
2002,2003,TENNESSEE,ABODHER,STNAME,NONE,DASWT_1,3
2002,2003,TEXAS,ABODHER,STNAME,NONE,DASWT_1,3
2002,2003,UTAH,ABODHER,STNAME,NONE,DASWT_1,3
2002,2003,VERMONT,ABODHER,STNAME,NONE,DASWT_1,3
2002,2003,VIRGINIA,ABODHER,STNAME,NONE,DASWT_1,3
2002,2003,WASHINGTON,ABODHER,STNAME,NONE,DASWT_1,3
2002,2003,WEST+VIRGINIA,ABODHER,STNAME,NONE,DASWT_1,3
2002,2003,WISCONSIN,ABODHER,STNAME,NONE,DASWT_1,3
2002,2003,WYOMING,ABODHER,STNAME,NONE,DASWT_1,3
2004,2005,ALABAMA,ABODANL,STNAME,NONE,DASWT_1,4
2004,2005,ALASKA,ABODANL,STNAME,NONE,DASWT_1,4
2004,2005,ARIZONA,ABODANL,STNAME,NONE,DASWT_1,4
2004,2005,ARKANSAS,ABODANL,STNAME,NONE,DASWT_1,4
2004,2005,CALIFORNIA,ABODANL,STNAME,NONE,DASWT_1,4
2004,2005,COLORADO,ABODANL,STNAME,NONE,DASWT_1,4
2004,2005,CONNECTICUT,ABODANL,STNAME,NONE,DASWT_1,4
2004,2005,DELAWARE,ABODANL,STNAME,NONE,DASWT_1,4
2004,2005,DISTRICT+OF+COLUMBIA,ABODANL,STNAME,NONE,DASWT_1,4
2004,2005,FLORIDA,ABODANL,STNAME,NONE,DASWT_1,4
2004,2005,GEORGIA,ABODANL,STNAME,NONE,DASWT_1,4
2004,2005,HAWAII,ABODANL,STNAME,NONE,DASWT_1,4
2004,2005,IDAHO,ABODANL,STNAME,NONE,DASWT_1,4
2004,2005,ILLINOIS,ABODANL,STNAME,NONE,DASWT_1,4
2004,2005,INDIANA,ABODANL,STNAME,NONE,DASWT_1,4
2004,2005,IOWA,ABODANL,STNAME,NONE,DASWT_1,4
2004,2005,KANSAS,ABODANL,STNAME,NONE,DASWT_1,4
2004,2005,KENTUCKY,ABODANL,STNAME,NONE,DASWT_1,4
2004,2005,LOUISIANA,ABODANL,STNAME,NONE,DASWT_1,4
2004,2005,MAINE,ABODANL,STNAME,NONE,DASWT_1,4
2004,2005,MARYLAND,ABODANL,STNAME,NONE,DASWT_1,4
2004,2005,MASSACHUSETTS,ABODANL,STNAME,NONE,DASWT_1,4
2004,2005,MICHIGAN,ABODANL,STNAME,NONE,DASWT_1,4
2004,2005,MINNESOTA,ABODANL,STNAME,NONE,DASWT_1,4
2004,2005,MISSISSIPPI,ABODANL,STNAME,NONE,DASWT_1,4
2004,2005,MISSOURI,ABODANL,STNAME,NONE,DASWT_1,4
2004,2005,MONTANA,ABODANL,STNAME,NONE,DASWT_1,4
2004,2005,NEBRASKA,ABODANL,STNAME,NONE,DASWT_1,4
2004,2005,NEVADA,ABODANL,STNAME,NONE,DASWT_1,4
2004,2005,NEW+HAMPSHIRE,ABODANL,STNAME,NONE,DASWT_1,4
2004,2005,NEW+JERSEY,ABODANL,STNAME,NONE,DASWT_1,4
2004,2005,NEW+MEXICO,ABODANL,STNAME,NONE,DASWT_1,4
2004,2005,NEW+YORK,ABODANL,STNAME,NONE,DASWT_1,4
2004,2005,NORTH+CAROLINA,ABODANL,STNAME,NONE,DASWT_1,4
2004,2005,NORTH+DAKOTA,ABODANL,STNAME,NONE,DASWT_1,4
2004,2005,OHIO,ABODANL,STNAME,NONE,DASWT_1,4
2004,2005,OKLAHOMA,ABODANL,STNAME,NONE,DASWT_1,4
2004,2005,OREGON,ABODANL,STNAME,NONE,DASWT_1,4
2004,2005,PENNSYLVANIA,ABODANL,STNAME,NONE,DASWT_1,4
2004,2005,RHODE+ISLAND,ABODANL,STNAME,NONE,DASWT_1,4
2004,2005,SOUTH+CAROLINA,ABODANL,STNAME,NONE,DASWT_1,4
2004,2005,SOUTH+DAKOTA,ABODANL,STNAME,NONE,DASWT_1,4
2004,2005,TENNESSEE,ABODANL,STNAME,NONE,DASWT_1,4
2004,2005,TEXAS,ABODANL,STNAME,NONE,DASWT_1,4
2004,2005,UTAH,ABODANL,STNAME,NONE,DASWT_1,4
2004,2005,VERMONT,ABODANL,STNAME,NONE,DASWT_1,4
2004,2005,VIRGINIA,ABODANL,STNAME,NONE,DASWT_1,4
2004,2005,WASHINGTON,ABODANL,STNAME,NONE,DASWT_1,4
2004,2005,WEST+VIRGINIA,ABODANL,STNAME,NONE,DASWT_1,4
2004,2005,WISCONSIN,ABODANL,STNAME,NONE,DASWT_1,4
2004,2005,WYOMING,ABODANL,STNAME,NONE,DASWT_1,4
2004,2005,ALABAMA,ABODANL,STNAME,ABODHER,DASWT_1,5
2004,2005,ALASKA,ABODANL,STNAME,ABODHER,DASWT_1,5
2004,2005,ARIZONA,ABODANL,STNAME,ABODHER,DASWT_1,5
2004,2005,ARKANSAS,ABODANL,STNAME,ABODHER,DASWT_1,5
2004,2005,CALIFORNIA,ABODANL,STNAME,ABODHER,DASWT_1,5
2004,2005,COLORADO,ABODANL,STNAME,ABODHER,DASWT_1,5
2004,2005,CONNECTICUT,ABODANL,STNAME,ABODHER,DASWT_1,5
2004,2005,DELAWARE,ABODANL,STNAME,ABODHER,DASWT_1,5
2004,2005,DISTRICT+OF+COLUMBIA,ABODANL,STNAME,ABODHER,DASWT_1,5
2004,2005,FLORIDA,ABODANL,STNAME,ABODHER,DASWT_1,5
2004,2005,GEORGIA,ABODANL,STNAME,ABODHER,DASWT_1,5
2004,2005,HAWAII,ABODANL,STNAME,ABODHER,DASWT_1,5
2004,2005,IDAHO,ABODANL,STNAME,ABODHER,DASWT_1,5
2004,2005,ILLINOIS,ABODANL,STNAME,ABODHER,DASWT_1,5
2004,2005,INDIANA,ABODANL,STNAME,ABODHER,DASWT_1,5
2004,2005,IOWA,ABODANL,STNAME,ABODHER,DASWT_1,5
2004,2005,KANSAS,ABODANL,STNAME,ABODHER,DASWT_1,5
2004,2005,KENTUCKY,ABODANL,STNAME,ABODHER,DASWT_1,5
2004,2005,LOUISIANA,ABODANL,STNAME,ABODHER,DASWT_1,5
2004,2005,MAINE,ABODANL,STNAME,ABODHER,DASWT_1,5
2004,2005,MARYLAND,ABODANL,STNAME,ABODHER,DASWT_1,5
2004,2005,MASSACHUSETTS,ABODANL,STNAME,ABODHER,DASWT_1,5
2004,2005,MICHIGAN,ABODANL,STNAME,ABODHER,DASWT_1,5
2004,2005,MINNESOTA,ABODANL,STNAME,ABODHER,DASWT_1,5
2004,2005,MISSISSIPPI,ABODANL,STNAME,ABODHER,DASWT_1,5
2004,2005,MISSOURI,ABODANL,STNAME,ABODHER,DASWT_1,5
2004,2005,MONTANA,ABODANL,STNAME,ABODHER,DASWT_1,5
2004,2005,NEBRASKA,ABODANL,STNAME,ABODHER,DASWT_1,5
2004,2005,NEVADA,ABODANL,STNAME,ABODHER,DASWT_1,5
2004,2005,NEW+HAMPSHIRE,ABODANL,STNAME,ABODHER,DASWT_1,5
2004,2005,NEW+JERSEY,ABODANL,STNAME,ABODHER,DASWT_1,5
2004,2005,NEW+MEXICO,ABODANL,STNAME,ABODHER,DASWT_1,5
2004,2005,NEW+YORK,ABODANL,STNAME,ABODHER,DASWT_1,5
2004,2005,NORTH+CAROLINA,ABODANL,STNAME,ABODHER,DASWT_1,5
2004,2005,NORTH+DAKOTA,ABODANL,STNAME,ABODHER,DASWT_1,5
2004,2005,OHIO,ABODANL,STNAME,ABODHER,DASWT_1,5
2004,2005,OKLAHOMA,ABODANL,STNAME,ABODHER,DASWT_1,5
2004,2005,OREGON,ABODANL,STNAME,ABODHER,DASWT_1,5
2004,2005,PENNSYLVANIA,ABODANL,STNAME,ABODHER,DASWT_1,5
2004,2005,RHODE+ISLAND,ABODANL,STNAME,ABODHER,DASWT_1,5
2004,2005,SOUTH+CAROLINA,ABODANL,STNAME,ABODHER,DASWT_1,5
2004,2005,SOUTH+DAKOTA,ABODANL,STNAME,ABODHER,DASWT_1,5
2004,2005,TENNESSEE,ABODANL,STNAME,ABODHER,DASWT_1,5
2004,2005,TEXAS,ABODANL,STNAME,ABODHER,DASWT_1,5
2004,2005,UTAH,ABODANL,STNAME,ABODHER,DASWT_1,5
2004,2005,VERMONT,ABODANL,STNAME,ABODHER,DASWT_1,5
2004,2005,VIRGINIA,ABODANL,STNAME,ABODHER,DASWT_1,5
2004,2005,WASHINGTON,ABODANL,STNAME,ABODHER,DASWT_1,5
2004,2005,WEST+VIRGINIA,ABODANL,STNAME,ABODHER,DASWT_1,5
2004,2005,WISCONSIN,ABODANL,STNAME,ABODHER,DASWT_1,5
2004,2005,WYOMING,ABODANL,STNAME,ABODHER,DASWT_1,5
2004,2005,ALABAMA,ABODHER,STNAME,NONE,DASWT_1,6
2004,2005,ALASKA,ABODHER,STNAME,NONE,DASWT_1,6
2004,2005,ARIZONA,ABODHER,STNAME,NONE,DASWT_1,6
2004,2005,ARKANSAS,ABODHER,STNAME,NONE,DASWT_1,6
2004,2005,CALIFORNIA,ABODHER,STNAME,NONE,DASWT_1,6
2004,2005,COLORADO,ABODHER,STNAME,NONE,DASWT_1,6
2004,2005,CONNECTICUT,ABODHER,STNAME,NONE,DASWT_1,6
2004,2005,DELAWARE,ABODHER,STNAME,NONE,DASWT_1,6
2004,2005,DISTRICT+OF+COLUMBIA,ABODHER,STNAME,NONE,DASWT_1,6
2004,2005,FLORIDA,ABODHER,STNAME,NONE,DASWT_1,6
2004,2005,GEORGIA,ABODHER,STNAME,NONE,DASWT_1,6
2004,2005,HAWAII,ABODHER,STNAME,NONE,DASWT_1,6
2004,2005,IDAHO,ABODHER,STNAME,NONE,DASWT_1,6
2004,2005,ILLINOIS,ABODHER,STNAME,NONE,DASWT_1,6
2004,2005,INDIANA,ABODHER,STNAME,NONE,DASWT_1,6
2004,2005,IOWA,ABODHER,STNAME,NONE,DASWT_1,6
2004,2005,KANSAS,ABODHER,STNAME,NONE,DASWT_1,6
2004,2005,KENTUCKY,ABODHER,STNAME,NONE,DASWT_1,6
2004,2005,LOUISIANA,ABODHER,STNAME,NONE,DASWT_1,6
2004,2005,MAINE,ABODHER,STNAME,NONE,DASWT_1,6
2004,2005,MARYLAND,ABODHER,STNAME,NONE,DASWT_1,6
2004,2005,MASSACHUSETTS,ABODHER,STNAME,NONE,DASWT_1,6
2004,2005,MICHIGAN,ABODHER,STNAME,NONE,DASWT_1,6
2004,2005,MINNESOTA,ABODHER,STNAME,NONE,DASWT_1,6
2004,2005,MISSISSIPPI,ABODHER,STNAME,NONE,DASWT_1,6
2004,2005,MISSOURI,ABODHER,STNAME,NONE,DASWT_1,6
2004,2005,MONTANA,ABODHER,STNAME,NONE,DASWT_1,6
2004,2005,NEBRASKA,ABODHER,STNAME,NONE,DASWT_1,6
2004,2005,NEVADA,ABODHER,STNAME,NONE,DASWT_1,6
2004,2005,NEW+HAMPSHIRE,ABODHER,STNAME,NONE,DASWT_1,6
2004,2005,NEW+JERSEY,ABODHER,STNAME,NONE,DASWT_1,6
2004,2005,NEW+MEXICO,ABODHER,STNAME,NONE,DASWT_1,6
2004,2005,NEW+YORK,ABODHER,STNAME,NONE,DASWT_1,6
2004,2005,NORTH+CAROLINA,ABODHER,STNAME,NONE,DASWT_1,6
2004,2005,NORTH+DAKOTA,ABODHER,STNAME,NONE,DASWT_1,6
2004,2005,OHIO,ABODHER,STNAME,NONE,DASWT_1,6
2004,2005,OKLAHOMA,ABODHER,STNAME,NONE,DASWT_1,6
2004,2005,OREGON,ABODHER,STNAME,NONE,DASWT_1,6
2004,2005,PENNSYLVANIA,ABODHER,STNAME,NONE,DASWT_1,6
2004,2005,RHODE+ISLAND,ABODHER,STNAME,NONE,DASWT_1,6
2004,2005,SOUTH+CAROLINA,ABODHER,STNAME,NONE,DASWT_1,6
2004,2005,SOUTH+DAKOTA,ABODHER,STNAME,NONE,DASWT_1,6
2004,2005,TENNESSEE,ABODHER,STNAME,NONE,DASWT_1,6
2004,2005,TEXAS,ABODHER,STNAME,NONE,DASWT_1,6
2004,2005,UTAH,ABODHER,STNAME,NONE,DASWT_1,6
2004,2005,VERMONT,ABODHER,STNAME,NONE,DASWT_1,6
2004,2005,VIRGINIA,ABODHER,STNAME,NONE,DASWT_1,6
2004,2005,WASHINGTON,ABODHER,STNAME,NONE,DASWT_1,6
2004,2005,WEST+VIRGINIA,ABODHER,STNAME,NONE,DASWT_1,6
2004,2005,WISCONSIN,ABODHER,STNAME,NONE,DASWT_1,6
2004,2005,WYOMING,ABODHER,STNAME,NONE,DASWT_1,6
2006,2007,ALABAMA,ABODANL,STNAME,NONE,DASWT_1,7
2006,2007,ALASKA,ABODANL,STNAME,NONE,DASWT_1,7
2006,2007,ARIZONA,ABODANL,STNAME,NONE,DASWT_1,7
2006,2007,ARKANSAS,ABODANL,STNAME,NONE,DASWT_1,7
2006,2007,CALIFORNIA,ABODANL,STNAME,NONE,DASWT_1,7
2006,2007,COLORADO,ABODANL,STNAME,NONE,DASWT_1,7
2006,2007,CONNECTICUT,ABODANL,STNAME,NONE,DASWT_1,7
2006,2007,DELAWARE,ABODANL,STNAME,NONE,DASWT_1,7
2006,2007,DISTRICT+OF+COLUMBIA,ABODANL,STNAME,NONE,DASWT_1,7
2006,2007,FLORIDA,ABODANL,STNAME,NONE,DASWT_1,7
2006,2007,GEORGIA,ABODANL,STNAME,NONE,DASWT_1,7
2006,2007,HAWAII,ABODANL,STNAME,NONE,DASWT_1,7
2006,2007,IDAHO,ABODANL,STNAME,NONE,DASWT_1,7
2006,2007,ILLINOIS,ABODANL,STNAME,NONE,DASWT_1,7
2006,2007,INDIANA,ABODANL,STNAME,NONE,DASWT_1,7
2006,2007,IOWA,ABODANL,STNAME,NONE,DASWT_1,7
2006,2007,KANSAS,ABODANL,STNAME,NONE,DASWT_1,7
2006,2007,KENTUCKY,ABODANL,STNAME,NONE,DASWT_1,7
2006,2007,LOUISIANA,ABODANL,STNAME,NONE,DASWT_1,7
2006,2007,MAINE,ABODANL,STNAME,NONE,DASWT_1,7
2006,2007,MARYLAND,ABODANL,STNAME,NONE,DASWT_1,7
2006,2007,MASSACHUSETTS,ABODANL,STNAME,NONE,DASWT_1,7
2006,2007,MICHIGAN,ABODANL,STNAME,NONE,DASWT_1,7
2006,2007,MINNESOTA,ABODANL,STNAME,NONE,DASWT_1,7
2006,2007,MISSISSIPPI,ABODANL,STNAME,NONE,DASWT_1,7
2006,2007,MISSOURI,ABODANL,STNAME,NONE,DASWT_1,7
2006,2007,MONTANA,ABODANL,STNAME,NONE,DASWT_1,7
2006,2007,NEBRASKA,ABODANL,STNAME,NONE,DASWT_1,7
2006,2007,NEVADA,ABODANL,STNAME,NONE,DASWT_1,7
2006,2007,NEW+HAMPSHIRE,ABODANL,STNAME,NONE,DASWT_1,7
2006,2007,NEW+JERSEY,ABODANL,STNAME,NONE,DASWT_1,7
2006,2007,NEW+MEXICO,ABODANL,STNAME,NONE,DASWT_1,7
2006,2007,NEW+YORK,ABODANL,STNAME,NONE,DASWT_1,7
2006,2007,NORTH+CAROLINA,ABODANL,STNAME,NONE,DASWT_1,7
2006,2007,NORTH+DAKOTA,ABODANL,STNAME,NONE,DASWT_1,7
2006,2007,OHIO,ABODANL,STNAME,NONE,DASWT_1,7
2006,2007,OKLAHOMA,ABODANL,STNAME,NONE,DASWT_1,7
2006,2007,OREGON,ABODANL,STNAME,NONE,DASWT_1,7
2006,2007,PENNSYLVANIA,ABODANL,STNAME,NONE,DASWT_1,7
2006,2007,RHODE+ISLAND,ABODANL,STNAME,NONE,DASWT_1,7
2006,2007,SOUTH+CAROLINA,ABODANL,STNAME,NONE,DASWT_1,7
2006,2007,SOUTH+DAKOTA,ABODANL,STNAME,NONE,DASWT_1,7
2006,2007,TENNESSEE,ABODANL,STNAME,NONE,DASWT_1,7
2006,2007,TEXAS,ABODANL,STNAME,NONE,DASWT_1,7
2006,2007,UTAH,ABODANL,STNAME,NONE,DASWT_1,7
2006,2007,VERMONT,ABODANL,STNAME,NONE,DASWT_1,7
2006,2007,VIRGINIA,ABODANL,STNAME,NONE,DASWT_1,7
2006,2007,WASHINGTON,ABODANL,STNAME,NONE,DASWT_1,7
2006,2007,WEST+VIRGINIA,ABODANL,STNAME,NONE,DASWT_1,7
2006,2007,WISCONSIN,ABODANL,STNAME,NONE,DASWT_1,7
2006,2007,WYOMING,ABODANL,STNAME,NONE,DASWT_1,7
2006,2007,ALABAMA,ABODANL,STNAME,ABODHER,DASWT_1,8
2006,2007,ALASKA,ABODANL,STNAME,ABODHER,DASWT_1,8
2006,2007,ARIZONA,ABODANL,STNAME,ABODHER,DASWT_1,8
2006,2007,ARKANSAS,ABODANL,STNAME,ABODHER,DASWT_1,8
2006,2007,CALIFORNIA,ABODANL,STNAME,ABODHER,DASWT_1,8
2006,2007,COLORADO,ABODANL,STNAME,ABODHER,DASWT_1,8
2006,2007,CONNECTICUT,ABODANL,STNAME,ABODHER,DASWT_1,8
2006,2007,DELAWARE,ABODANL,STNAME,ABODHER,DASWT_1,8
2006,2007,DISTRICT+OF+COLUMBIA,ABODANL,STNAME,ABODHER,DASWT_1,8
2006,2007,FLORIDA,ABODANL,STNAME,ABODHER,DASWT_1,8
2006,2007,GEORGIA,ABODANL,STNAME,ABODHER,DASWT_1,8
2006,2007,HAWAII,ABODANL,STNAME,ABODHER,DASWT_1,8
2006,2007,IDAHO,ABODANL,STNAME,ABODHER,DASWT_1,8
2006,2007,ILLINOIS,ABODANL,STNAME,ABODHER,DASWT_1,8
2006,2007,INDIANA,ABODANL,STNAME,ABODHER,DASWT_1,8
2006,2007,IOWA,ABODANL,STNAME,ABODHER,DASWT_1,8
2006,2007,KANSAS,ABODANL,STNAME,ABODHER,DASWT_1,8
2006,2007,KENTUCKY,ABODANL,STNAME,ABODHER,DASWT_1,8
2006,2007,LOUISIANA,ABODANL,STNAME,ABODHER,DASWT_1,8
2006,2007,MAINE,ABODANL,STNAME,ABODHER,DASWT_1,8
2006,2007,MARYLAND,ABODANL,STNAME,ABODHER,DASWT_1,8
2006,2007,MASSACHUSETTS,ABODANL,STNAME,ABODHER,DASWT_1,8
2006,2007,MICHIGAN,ABODANL,STNAME,ABODHER,DASWT_1,8
2006,2007,MINNESOTA,ABODANL,STNAME,ABODHER,DASWT_1,8
2006,2007,MISSISSIPPI,ABODANL,STNAME,ABODHER,DASWT_1,8
2006,2007,MISSOURI,ABODANL,STNAME,ABODHER,DASWT_1,8
2006,2007,MONTANA,ABODANL,STNAME,ABODHER,DASWT_1,8
2006,2007,NEBRASKA,ABODANL,STNAME,ABODHER,DASWT_1,8
2006,2007,NEVADA,ABODANL,STNAME,ABODHER,DASWT_1,8
2006,2007,NEW+HAMPSHIRE,ABODANL,STNAME,ABODHER,DASWT_1,8
2006,2007,NEW+JERSEY,ABODANL,STNAME,ABODHER,DASWT_1,8
2006,2007,NEW+MEXICO,ABODANL,STNAME,ABODHER,DASWT_1,8
2006,2007,NEW+YORK,ABODANL,STNAME,ABODHER,DASWT_1,8
2006,2007,NORTH+CAROLINA,ABODANL,STNAME,ABODHER,DASWT_1,8
2006,2007,NORTH+DAKOTA,ABODANL,STNAME,ABODHER,DASWT_1,8
2006,2007,OHIO,ABODANL,STNAME,ABODHER,DASWT_1,8
2006,2007,OKLAHOMA,ABODANL,STNAME,ABODHER,DASWT_1,8
2006,2007,OREGON,ABODANL,STNAME,ABODHER,DASWT_1,8
2006,2007,PENNSYLVANIA,ABODANL,STNAME,ABODHER,DASWT_1,8
2006,2007,RHODE+ISLAND,ABODANL,STNAME,ABODHER,DASWT_1,8
2006,2007,SOUTH+CAROLINA,ABODANL,STNAME,ABODHER,DASWT_1,8
2006,2007,SOUTH+DAKOTA,ABODANL,STNAME,ABODHER,DASWT_1,8
2006,2007,TENNESSEE,ABODANL,STNAME,ABODHER,DASWT_1,8
2006,2007,TEXAS,ABODANL,STNAME,ABODHER,DASWT_1,8
2006,2007,UTAH,ABODANL,STNAME,ABODHER,DASWT_1,8
2006,2007,VERMONT,ABODANL,STNAME,ABODHER,DASWT_1,8
2006,2007,VIRGINIA,ABODANL,STNAME,ABODHER,DASWT_1,8
2006,2007,WASHINGTON,ABODANL,STNAME,ABODHER,DASWT_1,8
2006,2007,WEST+VIRGINIA,ABODANL,STNAME,ABODHER,DASWT_1,8
2006,2007,WISCONSIN,ABODANL,STNAME,ABODHER,DASWT_1,8
2006,2007,WYOMING,ABODANL,STNAME,ABODHER,DASWT_1,8
2006,2007,ALABAMA,ABODHER,STNAME,NONE,DASWT_1,9
2006,2007,ALASKA,ABODHER,STNAME,NONE,DASWT_1,9
2006,2007,ARIZONA,ABODHER,STNAME,NONE,DASWT_1,9
2006,2007,ARKANSAS,ABODHER,STNAME,NONE,DASWT_1,9
2006,2007,CALIFORNIA,ABODHER,STNAME,NONE,DASWT_1,9
2006,2007,COLORADO,ABODHER,STNAME,NONE,DASWT_1,9
2006,2007,CONNECTICUT,ABODHER,STNAME,NONE,DASWT_1,9
2006,2007,DELAWARE,ABODHER,STNAME,NONE,DASWT_1,9
2006,2007,DISTRICT+OF+COLUMBIA,ABODHER,STNAME,NONE,DASWT_1,9
2006,2007,FLORIDA,ABODHER,STNAME,NONE,DASWT_1,9
2006,2007,GEORGIA,ABODHER,STNAME,NONE,DASWT_1,9
2006,2007,HAWAII,ABODHER,STNAME,NONE,DASWT_1,9
2006,2007,IDAHO,ABODHER,STNAME,NONE,DASWT_1,9
2006,2007,ILLINOIS,ABODHER,STNAME,NONE,DASWT_1,9
2006,2007,INDIANA,ABODHER,STNAME,NONE,DASWT_1,9
2006,2007,IOWA,ABODHER,STNAME,NONE,DASWT_1,9
2006,2007,KANSAS,ABODHER,STNAME,NONE,DASWT_1,9
2006,2007,KENTUCKY,ABODHER,STNAME,NONE,DASWT_1,9
2006,2007,LOUISIANA,ABODHER,STNAME,NONE,DASWT_1,9
2006,2007,MAINE,ABODHER,STNAME,NONE,DASWT_1,9
2006,2007,MARYLAND,ABODHER,STNAME,NONE,DASWT_1,9
2006,2007,MASSACHUSETTS,ABODHER,STNAME,NONE,DASWT_1,9
2006,2007,MICHIGAN,ABODHER,STNAME,NONE,DASWT_1,9
2006,2007,MINNESOTA,ABODHER,STNAME,NONE,DASWT_1,9
2006,2007,MISSISSIPPI,ABODHER,STNAME,NONE,DASWT_1,9
2006,2007,MISSOURI,ABODHER,STNAME,NONE,DASWT_1,9
2006,2007,MONTANA,ABODHER,STNAME,NONE,DASWT_1,9
2006,2007,NEBRASKA,ABODHER,STNAME,NONE,DASWT_1,9
2006,2007,NEVADA,ABODHER,STNAME,NONE,DASWT_1,9
2006,2007,NEW+HAMPSHIRE,ABODHER,STNAME,NONE,DASWT_1,9
2006,2007,NEW+JERSEY,ABODHER,STNAME,NONE,DASWT_1,9
2006,2007,NEW+MEXICO,ABODHER,STNAME,NONE,DASWT_1,9
2006,2007,NEW+YORK,ABODHER,STNAME,NONE,DASWT_1,9
2006,2007,NORTH+CAROLINA,ABODHER,STNAME,NONE,DASWT_1,9
2006,2007,NORTH+DAKOTA,ABODHER,STNAME,NONE,DASWT_1,9
2006,2007,OHIO,ABODHER,STNAME,NONE,DASWT_1,9
2006,2007,OKLAHOMA,ABODHER,STNAME,NONE,DASWT_1,9
2006,2007,OREGON,ABODHER,STNAME,NONE,DASWT_1,9
2006,2007,PENNSYLVANIA,ABODHER,STNAME,NONE,DASWT_1,9
2006,2007,RHODE+ISLAND,ABODHER,STNAME,NONE,DASWT_1,9
2006,2007,SOUTH+CAROLINA,ABODHER,STNAME,NONE,DASWT_1,9
2006,2007,SOUTH+DAKOTA,ABODHER,STNAME,NONE,DASWT_1,9
2006,2007,TENNESSEE,ABODHER,STNAME,NONE,DASWT_1,9
2006,2007,TEXAS,ABODHER,STNAME,NONE,DASWT_1,9
2006,2007,UTAH,ABODHER,STNAME,NONE,DASWT_1,9
2006,2007,VERMONT,ABODHER,STNAME,NONE,DASWT_1,9
2006,2007,VIRGINIA,ABODHER,STNAME,NONE,DASWT_1,9
2006,2007,WASHINGTON,ABODHER,STNAME,NONE,DASWT_1,9
2006,2007,WEST+VIRGINIA,ABODHER,STNAME,NONE,DASWT_1,9
2006,2007,WISCONSIN,ABODHER,STNAME,NONE,DASWT_1,9
2006,2007,WYOMING,ABODHER,STNAME,NONE,DASWT_1,9
2008,2009,ALABAMA,ABODANL,STNAME,NONE,DASWT_1,10
2008,2009,ALASKA,ABODANL,STNAME,NONE,DASWT_1,10
2008,2009,ARIZONA,ABODANL,STNAME,NONE,DASWT_1,10
2008,2009,ARKANSAS,ABODANL,STNAME,NONE,DASWT_1,10
2008,2009,CALIFORNIA,ABODANL,STNAME,NONE,DASWT_1,10
2008,2009,COLORADO,ABODANL,STNAME,NONE,DASWT_1,10
2008,2009,CONNECTICUT,ABODANL,STNAME,NONE,DASWT_1,10
2008,2009,DELAWARE,ABODANL,STNAME,NONE,DASWT_1,10
2008,2009,DISTRICT+OF+COLUMBIA,ABODANL,STNAME,NONE,DASWT_1,10
2008,2009,FLORIDA,ABODANL,STNAME,NONE,DASWT_1,10
2008,2009,GEORGIA,ABODANL,STNAME,NONE,DASWT_1,10
2008,2009,HAWAII,ABODANL,STNAME,NONE,DASWT_1,10
2008,2009,IDAHO,ABODANL,STNAME,NONE,DASWT_1,10
2008,2009,ILLINOIS,ABODANL,STNAME,NONE,DASWT_1,10
2008,2009,INDIANA,ABODANL,STNAME,NONE,DASWT_1,10
2008,2009,IOWA,ABODANL,STNAME,NONE,DASWT_1,10
2008,2009,KANSAS,ABODANL,STNAME,NONE,DASWT_1,10
2008,2009,KENTUCKY,ABODANL,STNAME,NONE,DASWT_1,10
2008,2009,LOUISIANA,ABODANL,STNAME,NONE,DASWT_1,10
2008,2009,MAINE,ABODANL,STNAME,NONE,DASWT_1,10
2008,2009,MARYLAND,ABODANL,STNAME,NONE,DASWT_1,10
2008,2009,MASSACHUSETTS,ABODANL,STNAME,NONE,DASWT_1,10
2008,2009,MICHIGAN,ABODANL,STNAME,NONE,DASWT_1,10
2008,2009,MINNESOTA,ABODANL,STNAME,NONE,DASWT_1,10
2008,2009,MISSISSIPPI,ABODANL,STNAME,NONE,DASWT_1,10
2008,2009,MISSOURI,ABODANL,STNAME,NONE,DASWT_1,10
2008,2009,MONTANA,ABODANL,STNAME,NONE,DASWT_1,10
2008,2009,NEBRASKA,ABODANL,STNAME,NONE,DASWT_1,10
2008,2009,NEVADA,ABODANL,STNAME,NONE,DASWT_1,10
2008,2009,NEW+HAMPSHIRE,ABODANL,STNAME,NONE,DASWT_1,10
2008,2009,NEW+JERSEY,ABODANL,STNAME,NONE,DASWT_1,10
2008,2009,NEW+MEXICO,ABODANL,STNAME,NONE,DASWT_1,10
2008,2009,NEW+YORK,ABODANL,STNAME,NONE,DASWT_1,10
2008,2009,NORTH+CAROLINA,ABODANL,STNAME,NONE,DASWT_1,10
2008,2009,NORTH+DAKOTA,ABODANL,STNAME,NONE,DASWT_1,10
2008,2009,OHIO,ABODANL,STNAME,NONE,DASWT_1,10
2008,2009,OKLAHOMA,ABODANL,STNAME,NONE,DASWT_1,10
2008,2009,OREGON,ABODANL,STNAME,NONE,DASWT_1,10
2008,2009,PENNSYLVANIA,ABODANL,STNAME,NONE,DASWT_1,10
2008,2009,RHODE+ISLAND,ABODANL,STNAME,NONE,DASWT_1,10
2008,2009,SOUTH+CAROLINA,ABODANL,STNAME,NONE,DASWT_1,10
2008,2009,SOUTH+DAKOTA,ABODANL,STNAME,NONE,DASWT_1,10
2008,2009,TENNESSEE,ABODANL,STNAME,NONE,DASWT_1,10
2008,2009,TEXAS,ABODANL,STNAME,NONE,DASWT_1,10
2008,2009,UTAH,ABODANL,STNAME,NONE,DASWT_1,10
2008,2009,VERMONT,ABODANL,STNAME,NONE,DASWT_1,10
2008,2009,VIRGINIA,ABODANL,STNAME,NONE,DASWT_1,10
2008,2009,WASHINGTON,ABODANL,STNAME,NONE,DASWT_1,10
2008,2009,WEST+VIRGINIA,ABODANL,STNAME,NONE,DASWT_1,10
2008,2009,WISCONSIN,ABODANL,STNAME,NONE,DASWT_1,10
2008,2009,WYOMING,ABODANL,STNAME,NONE,DASWT_1,10
2008,2009,ALABAMA,ABODANL,STNAME,ABODHER,DASWT_1,11
2008,2009,ALASKA,ABODANL,STNAME,ABODHER,DASWT_1,11
2008,2009,ARIZONA,ABODANL,STNAME,ABODHER,DASWT_1,11
2008,2009,ARKANSAS,ABODANL,STNAME,ABODHER,DASWT_1,11
2008,2009,CALIFORNIA,ABODANL,STNAME,ABODHER,DASWT_1,11
2008,2009,COLORADO,ABODANL,STNAME,ABODHER,DASWT_1,11
2008,2009,CONNECTICUT,ABODANL,STNAME,ABODHER,DASWT_1,11
2008,2009,DELAWARE,ABODANL,STNAME,ABODHER,DASWT_1,11
2008,2009,DISTRICT+OF+COLUMBIA,ABODANL,STNAME,ABODHER,DASWT_1,11
2008,2009,FLORIDA,ABODANL,STNAME,ABODHER,DASWT_1,11
2008,2009,GEORGIA,ABODANL,STNAME,ABODHER,DASWT_1,11
2008,2009,HAWAII,ABODANL,STNAME,ABODHER,DASWT_1,11
2008,2009,IDAHO,ABODANL,STNAME,ABODHER,DASWT_1,11
2008,2009,ILLINOIS,ABODANL,STNAME,ABODHER,DASWT_1,11
2008,2009,INDIANA,ABODANL,STNAME,ABODHER,DASWT_1,11
2008,2009,IOWA,ABODANL,STNAME,ABODHER,DASWT_1,11
2008,2009,KANSAS,ABODANL,STNAME,ABODHER,DASWT_1,11
2008,2009,KENTUCKY,ABODANL,STNAME,ABODHER,DASWT_1,11
2008,2009,LOUISIANA,ABODANL,STNAME,ABODHER,DASWT_1,11
2008,2009,MAINE,ABODANL,STNAME,ABODHER,DASWT_1,11
2008,2009,MARYLAND,ABODANL,STNAME,ABODHER,DASWT_1,11
2008,2009,MASSACHUSETTS,ABODANL,STNAME,ABODHER,DASWT_1,11
2008,2009,MICHIGAN,ABODANL,STNAME,ABODHER,DASWT_1,11
2008,2009,MINNESOTA,ABODANL,STNAME,ABODHER,DASWT_1,11
2008,2009,MISSISSIPPI,ABODANL,STNAME,ABODHER,DASWT_1,11
2008,2009,MISSOURI,ABODANL,STNAME,ABODHER,DASWT_1,11
2008,2009,MONTANA,ABODANL,STNAME,ABODHER,DASWT_1,11
2008,2009,NEBRASKA,ABODANL,STNAME,ABODHER,DASWT_1,11
2008,2009,NEVADA,ABODANL,STNAME,ABODHER,DASWT_1,11
2008,2009,NEW+HAMPSHIRE,ABODANL,STNAME,ABODHER,DASWT_1,11
2008,2009,NEW+JERSEY,ABODANL,STNAME,ABODHER,DASWT_1,11
2008,2009,NEW+MEXICO,ABODANL,STNAME,ABODHER,DASWT_1,11
2008,2009,NEW+YORK,ABODANL,STNAME,ABODHER,DASWT_1,11
2008,2009,NORTH+CAROLINA,ABODANL,STNAME,ABODHER,DASWT_1,11
2008,2009,NORTH+DAKOTA,ABODANL,STNAME,ABODHER,DASWT_1,11
2008,2009,OHIO,ABODANL,STNAME,ABODHER,DASWT_1,11
2008,2009,OKLAHOMA,ABODANL,STNAME,ABODHER,DASWT_1,11
2008,2009,OREGON,ABODANL,STNAME,ABODHER,DASWT_1,11
2008,2009,PENNSYLVANIA,ABODANL,STNAME,ABODHER,DASWT_1,11
2008,2009,RHODE+ISLAND,ABODANL,STNAME,ABODHER,DASWT_1,11
2008,2009,SOUTH+CAROLINA,ABODANL,STNAME,ABODHER,DASWT_1,11
2008,2009,SOUTH+DAKOTA,ABODANL,STNAME,ABODHER,DASWT_1,11
2008,2009,TENNESSEE,ABODANL,STNAME,ABODHER,DASWT_1,11
2008,2009,TEXAS,ABODANL,STNAME,ABODHER,DASWT_1,11
2008,2009,UTAH,ABODANL,STNAME,ABODHER,DASWT_1,11
2008,2009,VERMONT,ABODANL,STNAME,ABODHER,DASWT_1,11
2008,2009,VIRGINIA,ABODANL,STNAME,ABODHER,DASWT_1,11
2008,2009,WASHINGTON,ABODANL,STNAME,ABODHER,DASWT_1,11
2008,2009,WEST+VIRGINIA,ABODANL,STNAME,ABODHER,DASWT_1,11
2008,2009,WISCONSIN,ABODANL,STNAME,ABODHER,DASWT_1,11
2008,2009,WYOMING,ABODANL,STNAME,ABODHER,DASWT_1,11
2008,2009,ALABAMA,ABODHER,STNAME,NONE,DASWT_1,12
2008,2009,ALASKA,ABODHER,STNAME,NONE,DASWT_1,12
2008,2009,ARIZONA,ABODHER,STNAME,NONE,DASWT_1,12
2008,2009,ARKANSAS,ABODHER,STNAME,NONE,DASWT_1,12
2008,2009,CALIFORNIA,ABODHER,STNAME,NONE,DASWT_1,12
2008,2009,COLORADO,ABODHER,STNAME,NONE,DASWT_1,12
2008,2009,CONNECTICUT,ABODHER,STNAME,NONE,DASWT_1,12
2008,2009,DELAWARE,ABODHER,STNAME,NONE,DASWT_1,12
2008,2009,DISTRICT+OF+COLUMBIA,ABODHER,STNAME,NONE,DASWT_1,12
2008,2009,FLORIDA,ABODHER,STNAME,NONE,DASWT_1,12
2008,2009,GEORGIA,ABODHER,STNAME,NONE,DASWT_1,12
2008,2009,HAWAII,ABODHER,STNAME,NONE,DASWT_1,12
2008,2009,IDAHO,ABODHER,STNAME,NONE,DASWT_1,12
2008,2009,ILLINOIS,ABODHER,STNAME,NONE,DASWT_1,12
2008,2009,INDIANA,ABODHER,STNAME,NONE,DASWT_1,12
2008,2009,IOWA,ABODHER,STNAME,NONE,DASWT_1,12
2008,2009,KANSAS,ABODHER,STNAME,NONE,DASWT_1,12
2008,2009,KENTUCKY,ABODHER,STNAME,NONE,DASWT_1,12
2008,2009,LOUISIANA,ABODHER,STNAME,NONE,DASWT_1,12
2008,2009,MAINE,ABODHER,STNAME,NONE,DASWT_1,12
2008,2009,MARYLAND,ABODHER,STNAME,NONE,DASWT_1,12
2008,2009,MASSACHUSETTS,ABODHER,STNAME,NONE,DASWT_1,12
2008,2009,MICHIGAN,ABODHER,STNAME,NONE,DASWT_1,12
2008,2009,MINNESOTA,ABODHER,STNAME,NONE,DASWT_1,12
2008,2009,MISSISSIPPI,ABODHER,STNAME,NONE,DASWT_1,12
2008,2009,MISSOURI,ABODHER,STNAME,NONE,DASWT_1,12
2008,2009,MONTANA,ABODHER,STNAME,NONE,DASWT_1,12
2008,2009,NEBRASKA,ABODHER,STNAME,NONE,DASWT_1,12
2008,2009,NEVADA,ABODHER,STNAME,NONE,DASWT_1,12
2008,2009,NEW+HAMPSHIRE,ABODHER,STNAME,NONE,DASWT_1,12
2008,2009,NEW+JERSEY,ABODHER,STNAME,NONE,DASWT_1,12
2008,2009,NEW+MEXICO,ABODHER,STNAME,NONE,DASWT_1,12
2008,2009,NEW+YORK,ABODHER,STNAME,NONE,DASWT_1,12
2008,2009,NORTH+CAROLINA,ABODHER,STNAME,NONE,DASWT_1,12
2008,2009,NORTH+DAKOTA,ABODHER,STNAME,NONE,DASWT_1,12
2008,2009,OHIO,ABODHER,STNAME,NONE,DASWT_1,12
2008,2009,OKLAHOMA,ABODHER,STNAME,NONE,DASWT_1,12
2008,2009,OREGON,ABODHER,STNAME,NONE,DASWT_1,12
2008,2009,PENNSYLVANIA,ABODHER,STNAME,NONE,DASWT_1,12
2008,2009,RHODE+ISLAND,ABODHER,STNAME,NONE,DASWT_1,12
2008,2009,SOUTH+CAROLINA,ABODHER,STNAME,NONE,DASWT_1,12
2008,2009,SOUTH+DAKOTA,ABODHER,STNAME,NONE,DASWT_1,12
2008,2009,TENNESSEE,ABODHER,STNAME,NONE,DASWT_1,12
2008,2009,TEXAS,ABODHER,STNAME,NONE,DASWT_1,12
2008,2009,UTAH,ABODHER,STNAME,NONE,DASWT_1,12
2008,2009,VERMONT,ABODHER,STNAME,NONE,DASWT_1,12
2008,2009,VIRGINIA,ABODHER,STNAME,NONE,DASWT_1,12
2008,2009,WASHINGTON,ABODHER,STNAME,NONE,DASWT_1,12
2008,2009,WEST+VIRGINIA,ABODHER,STNAME,NONE,DASWT_1,12
2008,2009,WISCONSIN,ABODHER,STNAME,NONE,DASWT_1,12
2008,2009,WYOMING,ABODHER,STNAME,NONE,DASWT_1,12
2010,2011,ALABAMA,ABODANL,STNAME,NONE,DASWT_1,13
2010,2011,ALASKA,ABODANL,STNAME,NONE,DASWT_1,13
2010,2011,ARIZONA,ABODANL,STNAME,NONE,DASWT_1,13
2010,2011,ARKANSAS,ABODANL,STNAME,NONE,DASWT_1,13
2010,2011,CALIFORNIA,ABODANL,STNAME,NONE,DASWT_1,13
2010,2011,COLORADO,ABODANL,STNAME,NONE,DASWT_1,13
2010,2011,CONNECTICUT,ABODANL,STNAME,NONE,DASWT_1,13
2010,2011,DELAWARE,ABODANL,STNAME,NONE,DASWT_1,13
2010,2011,DISTRICT+OF+COLUMBIA,ABODANL,STNAME,NONE,DASWT_1,13
2010,2011,FLORIDA,ABODANL,STNAME,NONE,DASWT_1,13
2010,2011,GEORGIA,ABODANL,STNAME,NONE,DASWT_1,13
2010,2011,HAWAII,ABODANL,STNAME,NONE,DASWT_1,13
2010,2011,IDAHO,ABODANL,STNAME,NONE,DASWT_1,13
2010,2011,ILLINOIS,ABODANL,STNAME,NONE,DASWT_1,13
2010,2011,INDIANA,ABODANL,STNAME,NONE,DASWT_1,13
2010,2011,IOWA,ABODANL,STNAME,NONE,DASWT_1,13
2010,2011,KANSAS,ABODANL,STNAME,NONE,DASWT_1,13
2010,2011,KENTUCKY,ABODANL,STNAME,NONE,DASWT_1,13
2010,2011,LOUISIANA,ABODANL,STNAME,NONE,DASWT_1,13
2010,2011,MAINE,ABODANL,STNAME,NONE,DASWT_1,13
2010,2011,MARYLAND,ABODANL,STNAME,NONE,DASWT_1,13
2010,2011,MASSACHUSETTS,ABODANL,STNAME,NONE,DASWT_1,13
2010,2011,MICHIGAN,ABODANL,STNAME,NONE,DASWT_1,13
2010,2011,MINNESOTA,ABODANL,STNAME,NONE,DASWT_1,13
2010,2011,MISSISSIPPI,ABODANL,STNAME,NONE,DASWT_1,13
2010,2011,MISSOURI,ABODANL,STNAME,NONE,DASWT_1,13
2010,2011,MONTANA,ABODANL,STNAME,NONE,DASWT_1,13
2010,2011,NEBRASKA,ABODANL,STNAME,NONE,DASWT_1,13
2010,2011,NEVADA,ABODANL,STNAME,NONE,DASWT_1,13
2010,2011,NEW+HAMPSHIRE,ABODANL,STNAME,NONE,DASWT_1,13
2010,2011,NEW+JERSEY,ABODANL,STNAME,NONE,DASWT_1,13
2010,2011,NEW+MEXICO,ABODANL,STNAME,NONE,DASWT_1,13
2010,2011,NEW+YORK,ABODANL,STNAME,NONE,DASWT_1,13
2010,2011,NORTH+CAROLINA,ABODANL,STNAME,NONE,DASWT_1,13
2010,2011,NORTH+DAKOTA,ABODANL,STNAME,NONE,DASWT_1,13
2010,2011,OHIO,ABODANL,STNAME,NONE,DASWT_1,13
2010,2011,OKLAHOMA,ABODANL,STNAME,NONE,DASWT_1,13
2010,2011,OREGON,ABODANL,STNAME,NONE,DASWT_1,13
2010,2011,PENNSYLVANIA,ABODANL,STNAME,NONE,DASWT_1,13
2010,2011,RHODE+ISLAND,ABODANL,STNAME,NONE,DASWT_1,13
2010,2011,SOUTH+CAROLINA,ABODANL,STNAME,NONE,DASWT_1,13
2010,2011,SOUTH+DAKOTA,ABODANL,STNAME,NONE,DASWT_1,13
2010,2011,TENNESSEE,ABODANL,STNAME,NONE,DASWT_1,13
2010,2011,TEXAS,ABODANL,STNAME,NONE,DASWT_1,13
2010,2011,UTAH,ABODANL,STNAME,NONE,DASWT_1,13
2010,2011,VERMONT,ABODANL,STNAME,NONE,DASWT_1,13
2010,2011,VIRGINIA,ABODANL,STNAME,NONE,DASWT_1,13
2010,2011,WASHINGTON,ABODANL,STNAME,NONE,DASWT_1,13
2010,2011,WEST+VIRGINIA,ABODANL,STNAME,NONE,DASWT_1,13
2010,2011,WISCONSIN,ABODANL,STNAME,NONE,DASWT_1,13
2010,2011,WYOMING,ABODANL,STNAME,NONE,DASWT_1,13
2010,2011,ALABAMA,ABODANL,STNAME,ABODHER,DASWT_1,14
2010,2011,ALASKA,ABODANL,STNAME,ABODHER,DASWT_1,14
2010,2011,ARIZONA,ABODANL,STNAME,ABODHER,DASWT_1,14
2010,2011,ARKANSAS,ABODANL,STNAME,ABODHER,DASWT_1,14
2010,2011,CALIFORNIA,ABODANL,STNAME,ABODHER,DASWT_1,14
2010,2011,COLORADO,ABODANL,STNAME,ABODHER,DASWT_1,14
2010,2011,CONNECTICUT,ABODANL,STNAME,ABODHER,DASWT_1,14
2010,2011,DELAWARE,ABODANL,STNAME,ABODHER,DASWT_1,14
2010,2011,DISTRICT+OF+COLUMBIA,ABODANL,STNAME,ABODHER,DASWT_1,14
2010,2011,FLORIDA,ABODANL,STNAME,ABODHER,DASWT_1,14
2010,2011,GEORGIA,ABODANL,STNAME,ABODHER,DASWT_1,14
2010,2011,HAWAII,ABODANL,STNAME,ABODHER,DASWT_1,14
2010,2011,IDAHO,ABODANL,STNAME,ABODHER,DASWT_1,14
2010,2011,ILLINOIS,ABODANL,STNAME,ABODHER,DASWT_1,14
2010,2011,INDIANA,ABODANL,STNAME,ABODHER,DASWT_1,14
2010,2011,IOWA,ABODANL,STNAME,ABODHER,DASWT_1,14
2010,2011,KANSAS,ABODANL,STNAME,ABODHER,DASWT_1,14
2010,2011,KENTUCKY,ABODANL,STNAME,ABODHER,DASWT_1,14
2010,2011,LOUISIANA,ABODANL,STNAME,ABODHER,DASWT_1,14
2010,2011,MAINE,ABODANL,STNAME,ABODHER,DASWT_1,14
2010,2011,MARYLAND,ABODANL,STNAME,ABODHER,DASWT_1,14
2010,2011,MASSACHUSETTS,ABODANL,STNAME,ABODHER,DASWT_1,14
2010,2011,MICHIGAN,ABODANL,STNAME,ABODHER,DASWT_1,14
2010,2011,MINNESOTA,ABODANL,STNAME,ABODHER,DASWT_1,14
2010,2011,MISSISSIPPI,ABODANL,STNAME,ABODHER,DASWT_1,14
2010,2011,MISSOURI,ABODANL,STNAME,ABODHER,DASWT_1,14
2010,2011,MONTANA,ABODANL,STNAME,ABODHER,DASWT_1,14
2010,2011,NEBRASKA,ABODANL,STNAME,ABODHER,DASWT_1,14
2010,2011,NEVADA,ABODANL,STNAME,ABODHER,DASWT_1,14
2010,2011,NEW+HAMPSHIRE,ABODANL,STNAME,ABODHER,DASWT_1,14
2010,2011,NEW+JERSEY,ABODANL,STNAME,ABODHER,DASWT_1,14
2010,2011,NEW+MEXICO,ABODANL,STNAME,ABODHER,DASWT_1,14
2010,2011,NEW+YORK,ABODANL,STNAME,ABODHER,DASWT_1,14
2010,2011,NORTH+CAROLINA,ABODANL,STNAME,ABODHER,DASWT_1,14
2010,2011,NORTH+DAKOTA,ABODANL,STNAME,ABODHER,DASWT_1,14
2010,2011,OHIO,ABODANL,STNAME,ABODHER,DASWT_1,14
2010,2011,OKLAHOMA,ABODANL,STNAME,ABODHER,DASWT_1,14
2010,2011,OREGON,ABODANL,STNAME,ABODHER,DASWT_1,14
2010,2011,PENNSYLVANIA,ABODANL,STNAME,ABODHER,DASWT_1,14
2010,2011,RHODE+ISLAND,ABODANL,STNAME,ABODHER,DASWT_1,14
2010,2011,SOUTH+CAROLINA,ABODANL,STNAME,ABODHER,DASWT_1,14
2010,2011,SOUTH+DAKOTA,ABODANL,STNAME,ABODHER,DASWT_1,14
2010,2011,TENNESSEE,ABODANL,STNAME,ABODHER,DASWT_1,14
2010,2011,TEXAS,ABODANL,STNAME,ABODHER,DASWT_1,14
2010,2011,UTAH,ABODANL,STNAME,ABODHER,DASWT_1,14
2010,2011,VERMONT,ABODANL,STNAME,ABODHER,DASWT_1,14
2010,2011,VIRGINIA,ABODANL,STNAME,ABODHER,DASWT_1,14
2010,2011,WASHINGTON,ABODANL,STNAME,ABODHER,DASWT_1,14
2010,2011,WEST+VIRGINIA,ABODANL,STNAME,ABODHER,DASWT_1,14
2010,2011,WISCONSIN,ABODANL,STNAME,ABODHER,DASWT_1,14
2010,2011,WYOMING,ABODANL,STNAME,ABODHER,DASWT_1,14
2010,2011,ALABAMA,ABODHER,STNAME,NONE,DASWT_1,15
2010,2011,ALASKA,ABODHER,STNAME,NONE,DASWT_1,15
2010,2011,ARIZONA,ABODHER,STNAME,NONE,DASWT_1,15
2010,2011,ARKANSAS,ABODHER,STNAME,NONE,DASWT_1,15
2010,2011,CALIFORNIA,ABODHER,STNAME,NONE,DASWT_1,15
2010,2011,COLORADO,ABODHER,STNAME,NONE,DASWT_1,15
2010,2011,CONNECTICUT,ABODHER,STNAME,NONE,DASWT_1,15
2010,2011,DELAWARE,ABODHER,STNAME,NONE,DASWT_1,15
2010,2011,DISTRICT+OF+COLUMBIA,ABODHER,STNAME,NONE,DASWT_1,15
2010,2011,FLORIDA,ABODHER,STNAME,NONE,DASWT_1,15
2010,2011,GEORGIA,ABODHER,STNAME,NONE,DASWT_1,15
2010,2011,HAWAII,ABODHER,STNAME,NONE,DASWT_1,15
2010,2011,IDAHO,ABODHER,STNAME,NONE,DASWT_1,15
2010,2011,ILLINOIS,ABODHER,STNAME,NONE,DASWT_1,15
2010,2011,INDIANA,ABODHER,STNAME,NONE,DASWT_1,15
2010,2011,IOWA,ABODHER,STNAME,NONE,DASWT_1,15
2010,2011,KANSAS,ABODHER,STNAME,NONE,DASWT_1,15
2010,2011,KENTUCKY,ABODHER,STNAME,NONE,DASWT_1,15
2010,2011,LOUISIANA,ABODHER,STNAME,NONE,DASWT_1,15
2010,2011,MAINE,ABODHER,STNAME,NONE,DASWT_1,15
2010,2011,MARYLAND,ABODHER,STNAME,NONE,DASWT_1,15
2010,2011,MASSACHUSETTS,ABODHER,STNAME,NONE,DASWT_1,15
2010,2011,MICHIGAN,ABODHER,STNAME,NONE,DASWT_1,15
2010,2011,MINNESOTA,ABODHER,STNAME,NONE,DASWT_1,15
2010,2011,MISSISSIPPI,ABODHER,STNAME,NONE,DASWT_1,15
2010,2011,MISSOURI,ABODHER,STNAME,NONE,DASWT_1,15
2010,2011,MONTANA,ABODHER,STNAME,NONE,DASWT_1,15
2010,2011,NEBRASKA,ABODHER,STNAME,NONE,DASWT_1,15
2010,2011,NEVADA,ABODHER,STNAME,NONE,DASWT_1,15
2010,2011,NEW+HAMPSHIRE,ABODHER,STNAME,NONE,DASWT_1,15
2010,2011,NEW+JERSEY,ABODHER,STNAME,NONE,DASWT_1,15
2010,2011,NEW+MEXICO,ABODHER,STNAME,NONE,DASWT_1,15
2010,2011,NEW+YORK,ABODHER,STNAME,NONE,DASWT_1,15
2010,2011,NORTH+CAROLINA,ABODHER,STNAME,NONE,DASWT_1,15
2010,2011,NORTH+DAKOTA,ABODHER,STNAME,NONE,DASWT_1,15
2010,2011,OHIO,ABODHER,STNAME,NONE,DASWT_1,15
2010,2011,OKLAHOMA,ABODHER,STNAME,NONE,DASWT_1,15
2010,2011,OREGON,ABODHER,STNAME,NONE,DASWT_1,15
2010,2011,PENNSYLVANIA,ABODHER,STNAME,NONE,DASWT_1,15
2010,2011,RHODE+ISLAND,ABODHER,STNAME,NONE,DASWT_1,15
2010,2011,SOUTH+CAROLINA,ABODHER,STNAME,NONE,DASWT_1,15
2010,2011,SOUTH+DAKOTA,ABODHER,STNAME,NONE,DASWT_1,15
2010,2011,TENNESSEE,ABODHER,STNAME,NONE,DASWT_1,15
2010,2011,TEXAS,ABODHER,STNAME,NONE,DASWT_1,15
2010,2011,UTAH,ABODHER,STNAME,NONE,DASWT_1,15
2010,2011,VERMONT,ABODHER,STNAME,NONE,DASWT_1,15
2010,2011,VIRGINIA,ABODHER,STNAME,NONE,DASWT_1,15
2010,2011,WASHINGTON,ABODHER,STNAME,NONE,DASWT_1,15
2010,2011,WEST+VIRGINIA,ABODHER,STNAME,NONE,DASWT_1,15
2010,2011,WISCONSIN,ABODHER,STNAME,NONE,DASWT_1,15
2010,2011,WYOMING,ABODHER,STNAME,NONE,DASWT_1,15
2012,2013,ALABAMA,ABODANL,STNAME,NONE,DASWT_1,16
2012,2013,ALASKA,ABODANL,STNAME,NONE,DASWT_1,16
2012,2013,ARIZONA,ABODANL,STNAME,NONE,DASWT_1,16
2012,2013,ARKANSAS,ABODANL,STNAME,NONE,DASWT_1,16
2012,2013,CALIFORNIA,ABODANL,STNAME,NONE,DASWT_1,16
2012,2013,COLORADO,ABODANL,STNAME,NONE,DASWT_1,16
2012,2013,CONNECTICUT,ABODANL,STNAME,NONE,DASWT_1,16
2012,2013,DELAWARE,ABODANL,STNAME,NONE,DASWT_1,16
2012,2013,DISTRICT+OF+COLUMBIA,ABODANL,STNAME,NONE,DASWT_1,16
2012,2013,FLORIDA,ABODANL,STNAME,NONE,DASWT_1,16
2012,2013,GEORGIA,ABODANL,STNAME,NONE,DASWT_1,16
2012,2013,HAWAII,ABODANL,STNAME,NONE,DASWT_1,16
2012,2013,IDAHO,ABODANL,STNAME,NONE,DASWT_1,16
2012,2013,ILLINOIS,ABODANL,STNAME,NONE,DASWT_1,16
2012,2013,INDIANA,ABODANL,STNAME,NONE,DASWT_1,16
2012,2013,IOWA,ABODANL,STNAME,NONE,DASWT_1,16
2012,2013,KANSAS,ABODANL,STNAME,NONE,DASWT_1,16
2012,2013,KENTUCKY,ABODANL,STNAME,NONE,DASWT_1,16
2012,2013,LOUISIANA,ABODANL,STNAME,NONE,DASWT_1,16
2012,2013,MAINE,ABODANL,STNAME,NONE,DASWT_1,16
2012,2013,MARYLAND,ABODANL,STNAME,NONE,DASWT_1,16
2012,2013,MASSACHUSETTS,ABODANL,STNAME,NONE,DASWT_1,16
2012,2013,MICHIGAN,ABODANL,STNAME,NONE,DASWT_1,16
2012,2013,MINNESOTA,ABODANL,STNAME,NONE,DASWT_1,16
2012,2013,MISSISSIPPI,ABODANL,STNAME,NONE,DASWT_1,16
2012,2013,MISSOURI,ABODANL,STNAME,NONE,DASWT_1,16
2012,2013,MONTANA,ABODANL,STNAME,NONE,DASWT_1,16
2012,2013,NEBRASKA,ABODANL,STNAME,NONE,DASWT_1,16
2012,2013,NEVADA,ABODANL,STNAME,NONE,DASWT_1,16
2012,2013,NEW+HAMPSHIRE,ABODANL,STNAME,NONE,DASWT_1,16
2012,2013,NEW+JERSEY,ABODANL,STNAME,NONE,DASWT_1,16
2012,2013,NEW+MEXICO,ABODANL,STNAME,NONE,DASWT_1,16
2012,2013,NEW+YORK,ABODANL,STNAME,NONE,DASWT_1,16
2012,2013,NORTH+CAROLINA,ABODANL,STNAME,NONE,DASWT_1,16
2012,2013,NORTH+DAKOTA,ABODANL,STNAME,NONE,DASWT_1,16
2012,2013,OHIO,ABODANL,STNAME,NONE,DASWT_1,16
2012,2013,OKLAHOMA,ABODANL,STNAME,NONE,DASWT_1,16
2012,2013,OREGON,ABODANL,STNAME,NONE,DASWT_1,16
2012,2013,PENNSYLVANIA,ABODANL,STNAME,NONE,DASWT_1,16
2012,2013,RHODE+ISLAND,ABODANL,STNAME,NONE,DASWT_1,16
2012,2013,SOUTH+CAROLINA,ABODANL,STNAME,NONE,DASWT_1,16
2012,2013,SOUTH+DAKOTA,ABODANL,STNAME,NONE,DASWT_1,16
2012,2013,TENNESSEE,ABODANL,STNAME,NONE,DASWT_1,16
2012,2013,TEXAS,ABODANL,STNAME,NONE,DASWT_1,16
2012,2013,UTAH,ABODANL,STNAME,NONE,DASWT_1,16
2012,2013,VERMONT,ABODANL,STNAME,NONE,DASWT_1,16
2012,2013,VIRGINIA,ABODANL,STNAME,NONE,DASWT_1,16
2012,2013,WASHINGTON,ABODANL,STNAME,NONE,DASWT_1,16
2012,2013,WEST+VIRGINIA,ABODANL,STNAME,NONE,DASWT_1,16
2012,2013,WISCONSIN,ABODANL,STNAME,NONE,DASWT_1,16
2012,2013,WYOMING,ABODANL,STNAME,NONE,DASWT_1,16
2012,2013,ALABAMA,ABODANL,STNAME,ABODHER,DASWT_1,17
2012,2013,ALASKA,ABODANL,STNAME,ABODHER,DASWT_1,17
2012,2013,ARIZONA,ABODANL,STNAME,ABODHER,DASWT_1,17
2012,2013,ARKANSAS,ABODANL,STNAME,ABODHER,DASWT_1,17
2012,2013,CALIFORNIA,ABODANL,STNAME,ABODHER,DASWT_1,17
2012,2013,COLORADO,ABODANL,STNAME,ABODHER,DASWT_1,17
2012,2013,CONNECTICUT,ABODANL,STNAME,ABODHER,DASWT_1,17
2012,2013,DELAWARE,ABODANL,STNAME,ABODHER,DASWT_1,17
2012,2013,DISTRICT+OF+COLUMBIA,ABODANL,STNAME,ABODHER,DASWT_1,17
2012,2013,FLORIDA,ABODANL,STNAME,ABODHER,DASWT_1,17
2012,2013,GEORGIA,ABODANL,STNAME,ABODHER,DASWT_1,17
2012,2013,HAWAII,ABODANL,STNAME,ABODHER,DASWT_1,17
2012,2013,IDAHO,ABODANL,STNAME,ABODHER,DASWT_1,17
2012,2013,ILLINOIS,ABODANL,STNAME,ABODHER,DASWT_1,17
2012,2013,INDIANA,ABODANL,STNAME,ABODHER,DASWT_1,17
2012,2013,IOWA,ABODANL,STNAME,ABODHER,DASWT_1,17
2012,2013,KANSAS,ABODANL,STNAME,ABODHER,DASWT_1,17
2012,2013,KENTUCKY,ABODANL,STNAME,ABODHER,DASWT_1,17
2012,2013,LOUISIANA,ABODANL,STNAME,ABODHER,DASWT_1,17
2012,2013,MAINE,ABODANL,STNAME,ABODHER,DASWT_1,17
2012,2013,MARYLAND,ABODANL,STNAME,ABODHER,DASWT_1,17
2012,2013,MASSACHUSETTS,ABODANL,STNAME,ABODHER,DASWT_1,17
2012,2013,MICHIGAN,ABODANL,STNAME,ABODHER,DASWT_1,17
2012,2013,MINNESOTA,ABODANL,STNAME,ABODHER,DASWT_1,17
2012,2013,MISSISSIPPI,ABODANL,STNAME,ABODHER,DASWT_1,17
2012,2013,MISSOURI,ABODANL,STNAME,ABODHER,DASWT_1,17
2012,2013,MONTANA,ABODANL,STNAME,ABODHER,DASWT_1,17
2012,2013,NEBRASKA,ABODANL,STNAME,ABODHER,DASWT_1,17
2012,2013,NEVADA,ABODANL,STNAME,ABODHER,DASWT_1,17
2012,2013,NEW+HAMPSHIRE,ABODANL,STNAME,ABODHER,DASWT_1,17
2012,2013,NEW+JERSEY,ABODANL,STNAME,ABODHER,DASWT_1,17
2012,2013,NEW+MEXICO,ABODANL,STNAME,ABODHER,DASWT_1,17
2012,2013,NEW+YORK,ABODANL,STNAME,ABODHER,DASWT_1,17
2012,2013,NORTH+CAROLINA,ABODANL,STNAME,ABODHER,DASWT_1,17
2012,2013,NORTH+DAKOTA,ABODANL,STNAME,ABODHER,DASWT_1,17
2012,2013,OHIO,ABODANL,STNAME,ABODHER,DASWT_1,17
2012,2013,OKLAHOMA,ABODANL,STNAME,ABODHER,DASWT_1,17
2012,2013,OREGON,ABODANL,STNAME,ABODHER,DASWT_1,17
2012,2013,PENNSYLVANIA,ABODANL,STNAME,ABODHER,DASWT_1,17
2012,2013,RHODE+ISLAND,ABODANL,STNAME,ABODHER,DASWT_1,17
2012,2013,SOUTH+CAROLINA,ABODANL,STNAME,ABODHER,DASWT_1,17
2012,2013,SOUTH+DAKOTA,ABODANL,STNAME,ABODHER,DASWT_1,17
2012,2013,TENNESSEE,ABODANL,STNAME,ABODHER,DASWT_1,17
2012,2013,TEXAS,ABODANL,STNAME,ABODHER,DASWT_1,17
2012,2013,UTAH,ABODANL,STNAME,ABODHER,DASWT_1,17
2012,2013,VERMONT,ABODANL,STNAME,ABODHER,DASWT_1,17
2012,2013,VIRGINIA,ABODANL,STNAME,ABODHER,DASWT_1,17
2012,2013,WASHINGTON,ABODANL,STNAME,ABODHER,DASWT_1,17
2012,2013,WEST+VIRGINIA,ABODANL,STNAME,ABODHER,DASWT_1,17
2012,2013,WISCONSIN,ABODANL,STNAME,ABODHER,DASWT_1,17
2012,2013,WYOMING,ABODANL,STNAME,ABODHER,DASWT_1,17
2012,2013,ALABAMA,ABODHER,STNAME,NONE,DASWT_1,18
2012,2013,ALASKA,ABODHER,STNAME,NONE,DASWT_1,18
2012,2013,ARIZONA,ABODHER,STNAME,NONE,DASWT_1,18
2012,2013,ARKANSAS,ABODHER,STNAME,NONE,DASWT_1,18
2012,2013,CALIFORNIA,ABODHER,STNAME,NONE,DASWT_1,18
2012,2013,COLORADO,ABODHER,STNAME,NONE,DASWT_1,18
2012,2013,CONNECTICUT,ABODHER,STNAME,NONE,DASWT_1,18
2012,2013,DELAWARE,ABODHER,STNAME,NONE,DASWT_1,18
2012,2013,DISTRICT+OF+COLUMBIA,ABODHER,STNAME,NONE,DASWT_1,18
2012,2013,FLORIDA,ABODHER,STNAME,NONE,DASWT_1,18
2012,2013,GEORGIA,ABODHER,STNAME,NONE,DASWT_1,18
2012,2013,HAWAII,ABODHER,STNAME,NONE,DASWT_1,18
2012,2013,IDAHO,ABODHER,STNAME,NONE,DASWT_1,18
2012,2013,ILLINOIS,ABODHER,STNAME,NONE,DASWT_1,18
2012,2013,INDIANA,ABODHER,STNAME,NONE,DASWT_1,18
2012,2013,IOWA,ABODHER,STNAME,NONE,DASWT_1,18
2012,2013,KANSAS,ABODHER,STNAME,NONE,DASWT_1,18
2012,2013,KENTUCKY,ABODHER,STNAME,NONE,DASWT_1,18
2012,2013,LOUISIANA,ABODHER,STNAME,NONE,DASWT_1,18
2012,2013,MAINE,ABODHER,STNAME,NONE,DASWT_1,18
2012,2013,MARYLAND,ABODHER,STNAME,NONE,DASWT_1,18
2012,2013,MASSACHUSETTS,ABODHER,STNAME,NONE,DASWT_1,18
2012,2013,MICHIGAN,ABODHER,STNAME,NONE,DASWT_1,18
2012,2013,MINNESOTA,ABODHER,STNAME,NONE,DASWT_1,18
2012,2013,MISSISSIPPI,ABODHER,STNAME,NONE,DASWT_1,18
2012,2013,MISSOURI,ABODHER,STNAME,NONE,DASWT_1,18
2012,2013,MONTANA,ABODHER,STNAME,NONE,DASWT_1,18
2012,2013,NEBRASKA,ABODHER,STNAME,NONE,DASWT_1,18
2012,2013,NEVADA,ABODHER,STNAME,NONE,DASWT_1,18
2012,2013,NEW+HAMPSHIRE,ABODHER,STNAME,NONE,DASWT_1,18
2012,2013,NEW+JERSEY,ABODHER,STNAME,NONE,DASWT_1,18
2012,2013,NEW+MEXICO,ABODHER,STNAME,NONE,DASWT_1,18
2012,2013,NEW+YORK,ABODHER,STNAME,NONE,DASWT_1,18
2012,2013,NORTH+CAROLINA,ABODHER,STNAME,NONE,DASWT_1,18
2012,2013,NORTH+DAKOTA,ABODHER,STNAME,NONE,DASWT_1,18
2012,2013,OHIO,ABODHER,STNAME,NONE,DASWT_1,18
2012,2013,OKLAHOMA,ABODHER,STNAME,NONE,DASWT_1,18
2012,2013,OREGON,ABODHER,STNAME,NONE,DASWT_1,18
2012,2013,PENNSYLVANIA,ABODHER,STNAME,NONE,DASWT_1,18
2012,2013,RHODE+ISLAND,ABODHER,STNAME,NONE,DASWT_1,18
2012,2013,SOUTH+CAROLINA,ABODHER,STNAME,NONE,DASWT_1,18
2012,2013,SOUTH+DAKOTA,ABODHER,STNAME,NONE,DASWT_1,18
2012,2013,TENNESSEE,ABODHER,STNAME,NONE,DASWT_1,18
2012,2013,TEXAS,ABODHER,STNAME,NONE,DASWT_1,18
2012,2013,UTAH,ABODHER,STNAME,NONE,DASWT_1,18
2012,2013,VERMONT,ABODHER,STNAME,NONE,DASWT_1,18
2012,2013,VIRGINIA,ABODHER,STNAME,NONE,DASWT_1,18
2012,2013,WASHINGTON,ABODHER,STNAME,NONE,DASWT_1,18
2012,2013,WEST+VIRGINIA,ABODHER,STNAME,NONE,DASWT_1,18
2012,2013,WISCONSIN,ABODHER,STNAME,NONE,DASWT_1,18
2012,2013,WYOMING,ABODHER,STNAME,NONE,DASWT_1,18
2014,2015,ALABAMA,ABODHER,STNAME,NONE,DASWT_1,19
2014,2015,ALASKA,ABODHER,STNAME,NONE,DASWT_1,19
2014,2015,ARIZONA,ABODHER,STNAME,NONE,DASWT_1,19
2014,2015,ARKANSAS,ABODHER,STNAME,NONE,DASWT_1,19
2014,2015,CALIFORNIA,ABODHER,STNAME,NONE,DASWT_1,19
2014,2015,COLORADO,ABODHER,STNAME,NONE,DASWT_1,19
2014,2015,CONNECTICUT,ABODHER,STNAME,NONE,DASWT_1,19
2014,2015,DELAWARE,ABODHER,STNAME,NONE,DASWT_1,19
2014,2015,DISTRICT+OF+COLUMBIA,ABODHER,STNAME,NONE,DASWT_1,19
2014,2015,FLORIDA,ABODHER,STNAME,NONE,DASWT_1,19
2014,2015,GEORGIA,ABODHER,STNAME,NONE,DASWT_1,19
2014,2015,HAWAII,ABODHER,STNAME,NONE,DASWT_1,19
2014,2015,IDAHO,ABODHER,STNAME,NONE,DASWT_1,19
2014,2015,ILLINOIS,ABODHER,STNAME,NONE,DASWT_1,19
2014,2015,INDIANA,ABODHER,STNAME,NONE,DASWT_1,19
2014,2015,IOWA,ABODHER,STNAME,NONE,DASWT_1,19
2014,2015,KANSAS,ABODHER,STNAME,NONE,DASWT_1,19
2014,2015,KENTUCKY,ABODHER,STNAME,NONE,DASWT_1,19
2014,2015,LOUISIANA,ABODHER,STNAME,NONE,DASWT_1,19
2014,2015,MAINE,ABODHER,STNAME,NONE,DASWT_1,19
2014,2015,MARYLAND,ABODHER,STNAME,NONE,DASWT_1,19
2014,2015,MASSACHUSETTS,ABODHER,STNAME,NONE,DASWT_1,19
2014,2015,MICHIGAN,ABODHER,STNAME,NONE,DASWT_1,19
2014,2015,MINNESOTA,ABODHER,STNAME,NONE,DASWT_1,19
2014,2015,MISSISSIPPI,ABODHER,STNAME,NONE,DASWT_1,19
2014,2015,MISSOURI,ABODHER,STNAME,NONE,DASWT_1,19
2014,2015,MONTANA,ABODHER,STNAME,NONE,DASWT_1,19
2014,2015,NEBRASKA,ABODHER,STNAME,NONE,DASWT_1,19
2014,2015,NEVADA,ABODHER,STNAME,NONE,DASWT_1,19
2014,2015,NEW+HAMPSHIRE,ABODHER,STNAME,NONE,DASWT_1,19
2014,2015,NEW+JERSEY,ABODHER,STNAME,NONE,DASWT_1,19
2014,2015,NEW+MEXICO,ABODHER,STNAME,NONE,DASWT_1,19
2014,2015,NEW+YORK,ABODHER,STNAME,NONE,DASWT_1,19
2014,2015,NORTH+CAROLINA,ABODHER,STNAME,NONE,DASWT_1,19
2014,2015,NORTH+DAKOTA,ABODHER,STNAME,NONE,DASWT_1,19
2014,2015,OHIO,ABODHER,STNAME,NONE,DASWT_1,19
2014,2015,OKLAHOMA,ABODHER,STNAME,NONE,DASWT_1,19
2014,2015,OREGON,ABODHER,STNAME,NONE,DASWT_1,19
2014,2015,PENNSYLVANIA,ABODHER,STNAME,NONE,DASWT_1,19
2014,2015,RHODE+ISLAND,ABODHER,STNAME,NONE,DASWT_1,19
2014,2015,SOUTH+CAROLINA,ABODHER,STNAME,NONE,DASWT_1,19
2014,2015,SOUTH+DAKOTA,ABODHER,STNAME,NONE,DASWT_1,19
2014,2015,TENNESSEE,ABODHER,STNAME,NONE,DASWT_1,19
2014,2015,TEXAS,ABODHER,STNAME,NONE,DASWT_1,19
2014,2015,UTAH,ABODHER,STNAME,NONE,DASWT_1,19
2014,2015,VERMONT,ABODHER,STNAME,NONE,DASWT_1,19
2014,2015,VIRGINIA,ABODHER,STNAME,NONE,DASWT_1,19
2014,2015,WASHINGTON,ABODHER,STNAME,NONE,DASWT_1,19
2014,2015,WEST+VIRGINIA,ABODHER,STNAME,NONE,DASWT_1,19
2014,2015,WISCONSIN,ABODHER,STNAME,NONE,DASWT_1,19
2014,2015,WYOMING,ABODHER,STNAME,NONE,DASWT_1,19
2015,2016,ALABAMA,UDPYOPI,STNAME,NONE,DASWT_1,20
2015,2016,ALASKA,UDPYOPI,STNAME,NONE,DASWT_1,20
2015,2016,ARIZONA,UDPYOPI,STNAME,NONE,DASWT_1,20
2015,2016,ARKANSAS,UDPYOPI,STNAME,NONE,DASWT_1,20
2015,2016,CALIFORNIA,UDPYOPI,STNAME,NONE,DASWT_1,20
2015,2016,COLORADO,UDPYOPI,STNAME,NONE,DASWT_1,20
2015,2016,CONNECTICUT,UDPYOPI,STNAME,NONE,DASWT_1,20
2015,2016,DELAWARE,UDPYOPI,STNAME,NONE,DASWT_1,20
2015,2016,DISTRICT+OF+COLUMBIA,UDPYOPI,STNAME,NONE,DASWT_1,20
2015,2016,FLORIDA,UDPYOPI,STNAME,NONE,DASWT_1,20
2015,2016,GEORGIA,UDPYOPI,STNAME,NONE,DASWT_1,20
2015,2016,HAWAII,UDPYOPI,STNAME,NONE,DASWT_1,20
2015,2016,IDAHO,UDPYOPI,STNAME,NONE,DASWT_1,20
2015,2016,ILLINOIS,UDPYOPI,STNAME,NONE,DASWT_1,20
2015,2016,INDIANA,UDPYOPI,STNAME,NONE,DASWT_1,20
2015,2016,IOWA,UDPYOPI,STNAME,NONE,DASWT_1,20
2015,2016,KANSAS,UDPYOPI,STNAME,NONE,DASWT_1,20
2015,2016,KENTUCKY,UDPYOPI,STNAME,NONE,DASWT_1,20
2015,2016,LOUISIANA,UDPYOPI,STNAME,NONE,DASWT_1,20
2015,2016,MAINE,UDPYOPI,STNAME,NONE,DASWT_1,20
2015,2016,MARYLAND,UDPYOPI,STNAME,NONE,DASWT_1,20
2015,2016,MASSACHUSETTS,UDPYOPI,STNAME,NONE,DASWT_1,20
2015,2016,MICHIGAN,UDPYOPI,STNAME,NONE,DASWT_1,20
2015,2016,MINNESOTA,UDPYOPI,STNAME,NONE,DASWT_1,20
2015,2016,MISSISSIPPI,UDPYOPI,STNAME,NONE,DASWT_1,20
2015,2016,MISSOURI,UDPYOPI,STNAME,NONE,DASWT_1,20
2015,2016,MONTANA,UDPYOPI,STNAME,NONE,DASWT_1,20
2015,2016,NEBRASKA,UDPYOPI,STNAME,NONE,DASWT_1,20
2015,2016,NEVADA,UDPYOPI,STNAME,NONE,DASWT_1,20
2015,2016,NEW+HAMPSHIRE,UDPYOPI,STNAME,NONE,DASWT_1,20
2015,2016,NEW+JERSEY,UDPYOPI,STNAME,NONE,DASWT_1,20
2015,2016,NEW+MEXICO,UDPYOPI,STNAME,NONE,DASWT_1,20
2015,2016,NEW+YORK,UDPYOPI,STNAME,NONE,DASWT_1,20
2015,2016,NORTH+CAROLINA,UDPYOPI,STNAME,NONE,DASWT_1,20
2015,2016,NORTH+DAKOTA,UDPYOPI,STNAME,NONE,DASWT_1,20
2015,2016,OHIO,UDPYOPI,STNAME,NONE,DASWT_1,20
2015,2016,OKLAHOMA,UDPYOPI,STNAME,NONE,DASWT_1,20
2015,2016,OREGON,UDPYOPI,STNAME,NONE,DASWT_1,20
2015,2016,PENNSYLVANIA,UDPYOPI,STNAME,NONE,DASWT_1,20
2015,2016,RHODE+ISLAND,UDPYOPI,STNAME,NONE,DASWT_1,20
2015,2016,SOUTH+CAROLINA,UDPYOPI,STNAME,NONE,DASWT_1,20
2015,2016,SOUTH+DAKOTA,UDPYOPI,STNAME,NONE,DASWT_1,20
2015,2016,TENNESSEE,UDPYOPI,STNAME,NONE,DASWT_1,20
2015,2016,TEXAS,UDPYOPI,STNAME,NONE,DASWT_1,20
2015,2016,UTAH,UDPYOPI,STNAME,NONE,DASWT_1,20
2015,2016,VERMONT,UDPYOPI,STNAME,NONE,DASWT_1,20
2015,2016,VIRGINIA,UDPYOPI,STNAME,NONE,DASWT_1,20
2015,2016,WASHINGTON,UDPYOPI,STNAME,NONE,DASWT_1,20
2015,2016,WEST+VIRGINIA,UDPYOPI,STNAME,NONE,DASWT_1,20
2015,2016,WISCONSIN,UDPYOPI,STNAME,NONE,DASWT_1,20
2015,2016,WYOMING,UDPYOPI,STNAME,NONE,DASWT_1,20
2016,2017,ALABAMA,UDPYOPI,STNAME,NONE,DASWT_1,21
2016,2017,ALASKA,UDPYOPI,STNAME,NONE,DASWT_1,21
2016,2017,ARIZONA,UDPYOPI,STNAME,NONE,DASWT_1,21
2016,2017,ARKANSAS,UDPYOPI,STNAME,NONE,DASWT_1,21
2016,2017,CALIFORNIA,UDPYOPI,STNAME,NONE,DASWT_1,21
2016,2017,COLORADO,UDPYOPI,STNAME,NONE,DASWT_1,21
2016,2017,CONNECTICUT,UDPYOPI,STNAME,NONE,DASWT_1,21
2016,2017,DELAWARE,UDPYOPI,STNAME,NONE,DASWT_1,21
2016,2017,DISTRICT+OF+COLUMBIA,UDPYOPI,STNAME,NONE,DASWT_1,21
2016,2017,FLORIDA,UDPYOPI,STNAME,NONE,DASWT_1,21
2016,2017,GEORGIA,UDPYOPI,STNAME,NONE,DASWT_1,21
2016,2017,HAWAII,UDPYOPI,STNAME,NONE,DASWT_1,21
2016,2017,IDAHO,UDPYOPI,STNAME,NONE,DASWT_1,21
2016,2017,ILLINOIS,UDPYOPI,STNAME,NONE,DASWT_1,21
2016,2017,INDIANA,UDPYOPI,STNAME,NONE,DASWT_1,21
2016,2017,IOWA,UDPYOPI,STNAME,NONE,DASWT_1,21
2016,2017,KANSAS,UDPYOPI,STNAME,NONE,DASWT_1,21
2016,2017,KENTUCKY,UDPYOPI,STNAME,NONE,DASWT_1,21
2016,2017,LOUISIANA,UDPYOPI,STNAME,NONE,DASWT_1,21
2016,2017,MAINE,UDPYOPI,STNAME,NONE,DASWT_1,21
2016,2017,MARYLAND,UDPYOPI,STNAME,NONE,DASWT_1,21
2016,2017,MASSACHUSETTS,UDPYOPI,STNAME,NONE,DASWT_1,21
2016,2017,MICHIGAN,UDPYOPI,STNAME,NONE,DASWT_1,21
2016,2017,MINNESOTA,UDPYOPI,STNAME,NONE,DASWT_1,21
2016,2017,MISSISSIPPI,UDPYOPI,STNAME,NONE,DASWT_1,21
2016,2017,MISSOURI,UDPYOPI,STNAME,NONE,DASWT_1,21
2016,2017,MONTANA,UDPYOPI,STNAME,NONE,DASWT_1,21
2016,2017,NEBRASKA,UDPYOPI,STNAME,NONE,DASWT_1,21
2016,2017,NEVADA,UDPYOPI,STNAME,NONE,DASWT_1,21
2016,2017,NEW+HAMPSHIRE,UDPYOPI,STNAME,NONE,DASWT_1,21
2016,2017,NEW+JERSEY,UDPYOPI,STNAME,NONE,DASWT_1,21
2016,2017,NEW+MEXICO,UDPYOPI,STNAME,NONE,DASWT_1,21
2016,2017,NEW+YORK,UDPYOPI,STNAME,NONE,DASWT_1,21
2016,2017,NORTH+CAROLINA,UDPYOPI,STNAME,NONE,DASWT_1,21
2016,2017,NORTH+DAKOTA,UDPYOPI,STNAME,NONE,DASWT_1,21
2016,2017,OHIO,UDPYOPI,STNAME,NONE,DASWT_1,21
2016,2017,OKLAHOMA,UDPYOPI,STNAME,NONE,DASWT_1,21
2016,2017,OREGON,UDPYOPI,STNAME,NONE,DASWT_1,21
2016,2017,PENNSYLVANIA,UDPYOPI,STNAME,NONE,DASWT_1,21
2016,2017,RHODE+ISLAND,UDPYOPI,STNAME,NONE,DASWT_1,21
2016,2017,SOUTH+CAROLINA,UDPYOPI,STNAME,NONE,DASWT_1,21
2016,2017,SOUTH+DAKOTA,UDPYOPI,STNAME,NONE,DASWT_1,21
2016,2017,TENNESSEE,UDPYOPI,STNAME,NONE,DASWT_1,21
2016,2017,TEXAS,UDPYOPI,STNAME,NONE,DASWT_1,21
2016,2017,UTAH,UDPYOPI,STNAME,NONE,DASWT_1,21
2016,2017,VERMONT,UDPYOPI,STNAME,NONE,DASWT_1,21
2016,2017,VIRGINIA,UDPYOPI,STNAME,NONE,DASWT_1,21
2016,2017,WASHINGTON,UDPYOPI,STNAME,NONE,DASWT_1,21
2016,2017,WEST+VIRGINIA,UDPYOPI,STNAME,NONE,DASWT_1,21
2016,2017,WISCONSIN,UDPYOPI,STNAME,NONE,DASWT_1,21
2016,2017,WYOMING,UDPYOPI,STNAME,NONE,DASWT_1,21
2017,2018,ALABAMA,UDPYOPI,STNAME,NONE,DASWT_1,22
2017,2018,ALASKA,UDPYOPI,STNAME,NONE,DASWT_1,22
2017,2018,ARIZONA,UDPYOPI,STNAME,NONE,DASWT_1,22
2017,2018,ARKANSAS,UDPYOPI,STNAME,NONE,DASWT_1,22
2017,2018,CALIFORNIA,UDPYOPI,STNAME,NONE,DASWT_1,22
2017,2018,COLORADO,UDPYOPI,STNAME,NONE,DASWT_1,22
2017,2018,CONNECTICUT,UDPYOPI,STNAME,NONE,DASWT_1,22
2017,2018,DELAWARE,UDPYOPI,STNAME,NONE,DASWT_1,22
2017,2018,DISTRICT+OF+COLUMBIA,UDPYOPI,STNAME,NONE,DASWT_1,22
2017,2018,FLORIDA,UDPYOPI,STNAME,NONE,DASWT_1,22
2017,2018,GEORGIA,UDPYOPI,STNAME,NONE,DASWT_1,22
2017,2018,HAWAII,UDPYOPI,STNAME,NONE,DASWT_1,22
2017,2018,IDAHO,UDPYOPI,STNAME,NONE,DASWT_1,22
2017,2018,ILLINOIS,UDPYOPI,STNAME,NONE,DASWT_1,22
2017,2018,INDIANA,UDPYOPI,STNAME,NONE,DASWT_1,22
2017,2018,IOWA,UDPYOPI,STNAME,NONE,DASWT_1,22
2017,2018,KANSAS,UDPYOPI,STNAME,NONE,DASWT_1,22
2017,2018,KENTUCKY,UDPYOPI,STNAME,NONE,DASWT_1,22
2017,2018,LOUISIANA,UDPYOPI,STNAME,NONE,DASWT_1,22
2017,2018,MAINE,UDPYOPI,STNAME,NONE,DASWT_1,22
2017,2018,MARYLAND,UDPYOPI,STNAME,NONE,DASWT_1,22
2017,2018,MASSACHUSETTS,UDPYOPI,STNAME,NONE,DASWT_1,22
2017,2018,MICHIGAN,UDPYOPI,STNAME,NONE,DASWT_1,22
2017,2018,MINNESOTA,UDPYOPI,STNAME,NONE,DASWT_1,22
2017,2018,MISSISSIPPI,UDPYOPI,STNAME,NONE,DASWT_1,22
2017,2018,MISSOURI,UDPYOPI,STNAME,NONE,DASWT_1,22
2017,2018,MONTANA,UDPYOPI,STNAME,NONE,DASWT_1,22
2017,2018,NEBRASKA,UDPYOPI,STNAME,NONE,DASWT_1,22
2017,2018,NEVADA,UDPYOPI,STNAME,NONE,DASWT_1,22
2017,2018,NEW+HAMPSHIRE,UDPYOPI,STNAME,NONE,DASWT_1,22
2017,2018,NEW+JERSEY,UDPYOPI,STNAME,NONE,DASWT_1,22
2017,2018,NEW+MEXICO,UDPYOPI,STNAME,NONE,DASWT_1,22
2017,2018,NEW+YORK,UDPYOPI,STNAME,NONE,DASWT_1,22
2017,2018,NORTH+CAROLINA,UDPYOPI,STNAME,NONE,DASWT_1,22
2017,2018,NORTH+DAKOTA,UDPYOPI,STNAME,NONE,DASWT_1,22
2017,2018,OHIO,UDPYOPI,STNAME,NONE,DASWT_1,22
2017,2018,OKLAHOMA,UDPYOPI,STNAME,NONE,DASWT_1,22
2017,2018,OREGON,UDPYOPI,STNAME,NONE,DASWT_1,22
2017,2018,PENNSYLVANIA,UDPYOPI,STNAME,NONE,DASWT_1,22
2017,2018,RHODE+ISLAND,UDPYOPI,STNAME,NONE,DASWT_1,22
2017,2018,SOUTH+CAROLINA,UDPYOPI,STNAME,NONE,DASWT_1,22
2017,2018,SOUTH+DAKOTA,UDPYOPI,STNAME,NONE,DASWT_1,22
2017,2018,TENNESSEE,UDPYOPI,STNAME,NONE,DASWT_1,22
2017,2018,TEXAS,UDPYOPI,STNAME,NONE,DASWT_1,22
2017,2018,UTAH,UDPYOPI,STNAME,NONE,DASWT_1,22
2017,2018,VERMONT,UDPYOPI,STNAME,NONE,DASWT_1,22
2017,2018,VIRGINIA,UDPYOPI,STNAME,NONE,DASWT_1,22
2017,2018,WASHINGTON,UDPYOPI,STNAME,NONE,DASWT_1,22
2017,2018,WEST+VIRGINIA,UDPYOPI,STNAME,NONE,DASWT_1,22
2017,2018,WISCONSIN,UDPYOPI,STNAME,NONE,DASWT_1,22
2017,2018,WYOMING,UDPYOPI,STNAME,NONE,DASWT_1,22
